Sub_id,Trending_days,Publish_Time,Category_id
1,1,15,25
2,1,14,24
3,1,6,24
4,1,14,24
5,1,13,28
6,1,20,17
7,1,9,10
8,1,13,24
9,1,14,28
10,1,17,10
11,1,20,26
12,1,15,22
13,1,20,26
14,1,4,25
15,1,9,26
16,1,9,26
17,1,23,24
18,1,5,17
19,1,11,17
20,1,11,17
21,1,12,17
22,1,11,17
23,1,11,17
24,1,11,17
25,1,11,17
26,1,9,28
27,1,17,23
28,1,1,25
29,1,13,24
30,1,23,28
31,1,20,24
32,1,23,15
33,1,16,23
34,1,3,23
35,1,15,10
36,1,10,24
37,1,6,24
38,1,8,24
39,1,15,22
40,1,17,24
41,1,5,24
42,1,2,17
43,1,18,28
44,1,0,24
45,1,15,10
46,1,10,23
47,1,16,20
48,1,12,17
49,1,12,23
50,1,7,17
51,1,16,28
52,1,3,22
53,1,1,22
54,1,12,25
55,1,14,24
56,1,8,24
57,1,16,26
58,1,13,25
59,1,14,24
60,1,11,23
61,1,11,23
62,1,20,23
63,1,18,22
64,1,13,28
65,1,2,28
66,1,3,23
67,1,14,24
68,1,13,24
69,1,20,24
70,1,19,24
71,1,8,1
72,1,22,24
73,1,12,10
74,1,17,24
75,1,13,24
76,1,13,17
77,1,4,24
78,1,16,17
79,1,14,24
80,1,8,24
81,1,11,24
82,1,14,24
83,1,20,24
84,1,4,24
85,1,14,24
86,1,14,24
87,1,4,17
88,1,22,22
89,1,17,25
90,1,15,25
91,1,7,28
92,1,17,24
93,1,19,24
94,1,8,24
95,1,18,27
96,1,16,26
97,1,23,25
98,1,22,22
99,1,14,24
100,1,16,22
101,1,5,10
102,1,20,23
103,1,5,23
104,1,16,10
105,1,19,24
106,1,16,26
107,1,0,23
108,1,23,24
109,1,10,23
110,1,16,26
111,1,20,10
112,1,13,25
113,1,17,24
114,1,11,15
115,1,12,23
116,1,9,2
117,1,16,25
118,1,6,24
119,1,13,25
120,1,17,28
121,1,2,22
122,1,2,24
123,1,5,24
124,1,17,26
125,1,18,24
126,1,14,24
127,1,22,17
128,1,1,22
129,1,23,24
130,1,5,23
131,1,6,17
132,1,18,26
133,1,3,17
134,1,22,24
135,1,22,24
136,1,5,24
137,1,11,23
138,1,6,23
139,1,11,24
140,1,20,24
141,1,21,10
142,1,11,25
143,1,15,28
144,1,21,10
145,1,14,24
146,1,16,24
147,1,0,24
148,1,0,23
149,1,16,22
150,1,14,27
151,1,11,23
152,1,20,27
153,1,18,24
154,1,2,24
155,1,18,26
156,1,4,28
157,1,20,17
158,1,4,25
159,1,18,28
160,1,0,27
161,1,0,28
162,1,9,29
163,1,20,25
164,1,10,23
165,1,14,24
166,1,1,17
167,1,15,25
168,1,8,24
169,1,15,17
170,1,18,24
171,1,9,24
172,1,11,23
173,1,13,1
174,1,5,17
175,1,11,23
176,1,17,25
177,1,16,24
178,1,1,24
179,1,14,24
180,1,13,17
181,1,13,24
182,1,2,17
183,1,12,24
184,1,3,10
185,1,16,17
186,1,16,23
187,1,20,2
188,1,8,24
189,1,3,17
190,1,20,26
191,1,17,10
192,1,3,23
193,1,5,24
194,1,6,24
195,1,16,24
196,1,17,23
197,1,7,1
198,1,10,1
199,1,20,25
200,1,14,24
201,1,9,24
202,1,7,1
203,1,4,17
204,1,16,10
205,1,1,17
206,1,14,24
207,1,14,24
208,1,13,24
209,1,4,23
210,1,19,10
211,1,14,10
212,1,19,26
213,1,14,25
214,1,19,17
215,1,16,24
216,1,15,24
217,1,15,1
218,1,13,28
219,1,22,24
220,1,17,28
221,1,13,25
222,1,3,26
223,1,19,28
224,1,1,17
225,1,15,25
226,1,12,17
227,1,15,24
228,1,6,24
229,1,18,1
230,1,3,17
231,1,20,24
232,1,22,19
233,1,15,17
234,1,15,17
235,1,11,23
236,1,11,19
237,1,16,25
238,1,13,25
239,1,20,24
240,1,3,20
241,1,14,1
242,1,3,17
243,1,18,25
244,1,15,28
245,1,2,24
246,1,19,24
247,1,8,28
248,1,0,17
249,1,5,23
250,1,1,23
251,1,22,22
252,1,18,24
253,1,16,1
254,1,7,25
255,1,19,24
256,1,4,17
257,1,17,22
258,1,22,28
259,1,11,23
260,1,19,28
261,1,18,22
262,1,15,24
263,1,12,25
264,1,12,23
265,1,17,24
266,1,10,23
267,1,11,24
268,1,0,24
269,1,13,10
270,1,3,23
271,1,16,26
272,1,17,22
273,1,7,24
274,1,17,24
275,1,2,29
276,1,5,25
277,1,4,17
278,1,16,22
279,1,2,25
280,1,15,24
281,1,14,27
282,1,17,19
283,1,16,26
284,1,20,19
285,1,22,24
286,1,14,25
287,1,19,19
288,1,12,25
289,1,15,26
290,1,0,24
291,1,16,26
292,1,22,26
293,1,19,26
294,1,19,26
295,1,14,25
296,1,13,25
297,1,21,27
298,1,13,24
299,1,12,28
300,1,16,28
301,1,16,26
302,1,18,24
303,1,16,26
304,1,23,22
305,1,19,22
306,1,18,22
307,1,21,24
308,1,3,22
309,1,16,26
310,1,0,25
311,1,16,22
312,1,22,24
313,1,16,22
314,1,17,23
315,1,2,24
316,1,5,10
317,1,12,23
318,1,17,28
319,1,4,10
320,1,15,2
321,1,17,28
322,1,4,17
323,1,10,24
324,1,14,26
325,1,21,25
326,1,17,23
327,1,13,24
328,1,20,25
329,1,14,24
330,1,13,27
331,1,8,24
332,1,5,10
333,1,6,24
334,1,21,24
335,1,23,22
336,1,2,24
337,1,6,24
338,1,11,24
339,1,6,17
340,1,4,17
341,1,4,17
342,1,5,17
343,1,17,24
344,1,10,24
345,1,9,24
346,1,13,23
347,1,19,24
348,1,13,25
349,1,5,17
350,1,11,24
351,1,14,24
352,1,15,24
353,1,21,17
354,1,23,25
355,1,5,24
356,1,11,23
357,1,10,24
358,1,23,24
359,1,7,24
360,1,4,23
361,1,4,23
362,1,5,24
363,1,3,23
364,1,5,24
365,1,1,24
366,1,10,23
367,1,15,24
368,1,16,25
369,1,6,17
370,1,3,17
371,1,16,24
372,1,14,10
373,1,12,24
374,1,8,24
375,1,13,23
376,1,3,24
377,1,8,24
378,1,17,25
379,1,7,24
380,1,19,24
381,1,8,24
382,1,13,24
383,1,13,24
384,1,9,24
385,1,5,23
386,1,9,24
387,1,19,24
388,1,2,24
389,1,6,24
390,1,13,24
391,1,21,22
392,1,1,10
393,1,8,24
394,1,7,24
395,1,13,22
396,1,21,22
397,1,14,24
398,1,5,22
399,1,6,24
400,1,2,24
401,1,14,24
402,1,6,17
403,1,22,26
404,1,5,17
405,1,7,19
406,1,1,10
407,1,2,23
408,1,5,24
409,1,18,10
410,1,12,24
411,1,11,23
412,1,12,23
413,1,4,23
414,1,3,24
415,1,9,24
416,1,11,24
417,1,4,24
418,1,21,22
419,1,6,28
420,1,17,24
421,1,19,24
422,1,18,24
423,1,18,28
424,1,15,24
425,1,13,24
426,1,5,23
427,1,2,24
428,1,20,1
429,1,18,25
430,1,7,28
431,1,18,22
432,1,16,26
433,1,0,15
434,1,1,17
435,1,9,24
436,1,16,26
437,1,13,22
438,1,13,24
439,1,11,23
440,1,2,17
441,1,2,10
442,1,4,23
443,1,12,17
444,1,16,1
445,1,1,1
446,1,8,24
447,1,3,23
448,1,17,24
449,1,17,24
450,1,16,17
451,1,12,28
452,1,4,23
453,1,8,23
454,1,10,26
455,1,7,15
456,1,14,24
457,1,23,1
458,1,9,24
459,1,13,23
460,1,12,24
461,1,18,24
462,1,18,19
463,1,4,24
464,1,14,24
465,1,18,22
466,1,12,17
467,1,14,24
468,1,7,24
469,1,14,24
470,1,12,24
471,1,20,10
472,1,16,1
473,1,2,22
474,1,13,25
475,1,4,23
476,1,18,26
477,1,20,24
478,1,19,22
479,1,16,24
480,1,5,24
481,1,0,17
482,1,14,25
483,1,5,24
484,1,5,17
485,1,22,10
486,1,15,24
487,1,12,24
488,1,20,25
489,1,1,20
490,1,1,20
491,1,7,25
492,1,11,25
493,1,14,25
494,1,13,24
495,1,18,25
496,1,20,28
497,1,14,24
498,1,20,17
499,1,4,23
500,1,15,28
501,1,14,24
502,1,3,17
503,1,11,24
504,1,22,24
505,1,19,23
506,1,22,25
507,1,14,24
508,1,14,10
509,1,22,10
510,1,6,24
511,1,5,17
512,1,2,17
513,1,18,28
514,1,10,23
515,1,1,17
516,1,4,23
517,1,21,10
518,1,14,24
519,1,13,24
520,1,10,23
521,1,5,10
522,1,1,24
523,1,22,25
524,1,20,26
525,1,22,28
526,1,17,20
527,1,23,25
528,1,16,25
529,1,4,24
530,1,16,25
531,1,12,27
532,1,17,24
533,1,17,22
534,1,16,26
535,1,3,24
536,1,4,24
537,1,14,1
538,1,12,25
539,1,13,22
540,1,12,22
541,1,0,23
542,1,14,1
543,1,8,24
544,1,16,10
545,1,15,26
546,1,17,23
547,1,8,24
548,1,14,23
549,1,6,24
550,1,15,23
551,1,13,25
552,1,11,25
553,1,18,24
554,1,17,17
555,1,17,17
556,1,0,17
557,1,10,23
558,1,20,26
559,1,10,23
560,1,21,25
561,1,13,26
562,1,17,17
563,1,19,25
564,1,11,25
565,1,12,25
566,1,2,17
567,1,18,23
568,1,0,24
569,1,8,24
570,1,3,22
571,1,21,10
572,1,22,28
573,1,10,23
574,1,4,1
575,1,14,24
576,1,8,24
577,1,13,24
578,1,7,24
579,1,10,23
580,1,14,24
581,1,21,24
582,1,19,25
583,1,17,25
584,1,11,23
585,1,16,10
586,1,18,17
587,1,7,24
588,1,11,17
589,1,16,10
590,1,5,24
591,1,4,10
592,1,14,24
593,1,4,25
594,1,8,24
595,1,0,10
596,1,15,25
597,1,5,23
598,1,2,17
599,1,16,22
600,1,19,1
601,1,17,24
602,1,17,24
603,1,14,24
604,1,23,24
605,1,20,28
606,1,16,10
607,1,23,24
608,1,18,24
609,1,21,24
610,1,19,1
611,1,18,24
612,1,7,17
613,1,15,17
614,1,16,17
615,1,14,17
616,1,16,17
617,1,15,17
618,1,15,17
619,1,16,17
620,1,15,17
621,1,3,17
622,1,15,17
623,1,6,24
624,1,13,24
625,1,3,25
626,1,5,10
627,1,21,25
628,1,0,25
629,1,18,17
630,1,18,24
631,1,15,25
632,1,22,26
633,1,16,10
634,1,2,24
635,1,22,28
636,1,23,2
637,1,13,24
638,1,14,25
639,1,11,25
640,1,21,28
641,1,8,24
642,1,14,23
643,1,13,25
644,1,14,25
645,1,15,25
646,1,8,24
647,1,15,20
648,1,12,24
649,1,16,26
650,1,16,24
651,1,14,25
652,1,12,24
653,1,19,27
654,1,16,26
655,1,13,25
656,1,16,1
657,1,1,10
658,1,16,27
659,1,16,26
660,1,16,26
661,1,12,25
662,1,2,24
663,1,3,24
664,1,14,24
665,1,5,24
666,1,15,24
667,1,15,24
668,1,13,10
669,1,21,24
670,1,19,15
671,1,3,24
672,1,3,24
673,1,23,28
674,1,7,22
675,1,14,26
676,1,19,1
677,1,15,24
678,1,16,27
679,1,13,1
680,1,1,17
681,1,18,1
682,1,7,24
683,1,19,24
684,1,8,24
685,1,4,24
686,1,16,24
687,1,0,17
688,1,7,17
689,1,7,17
690,1,6,17
691,1,8,17
692,1,20,17
693,1,7,17
694,1,5,17
695,1,18,26
696,1,10,24
697,1,2,23
698,1,23,27
699,1,1,17
700,1,15,10
701,1,6,22
702,1,16,10
703,1,8,10
704,1,18,10
705,1,22,19
706,1,20,23
707,1,21,25
708,1,8,24
709,1,1,25
710,1,18,25
711,1,23,25
712,1,22,24
713,1,20,24
714,1,1,23
715,1,18,28
716,1,7,10
717,1,20,17
718,1,19,24
719,1,19,24
720,1,16,23
721,1,12,25
722,1,1,25
723,1,15,1
724,1,18,22
725,1,2,26
726,1,7,24
727,1,2,1
728,1,16,26
729,1,14,27
730,1,22,27
731,1,15,27
732,1,14,27
733,1,14,25
734,1,16,24
735,1,14,27
736,1,16,26
737,1,15,28
738,1,4,23
739,1,7,22
740,1,21,22
741,1,19,15
742,1,12,25
743,1,17,27
744,1,15,24
745,1,19,24
746,1,2,10
747,1,14,27
748,1,16,27
749,1,12,25
750,1,13,1
751,1,19,22
752,1,16,25
753,1,13,23
754,1,20,2
755,1,20,2
756,1,8,25
757,1,20,25
758,1,18,24
759,1,16,22
760,1,22,17
761,1,23,24
762,1,8,24
763,1,21,24
764,1,22,24
765,1,11,23
766,2,9,19
767,2,3,10
768,2,14,24
769,2,4,28
770,2,16,26
771,2,3,24
772,2,1,28
773,2,14,24
774,2,22,24
775,2,10,24
776,2,16,2
777,2,16,26
778,2,16,28
779,2,3,17
780,2,18,24
781,2,17,24
782,2,13,10
783,2,13,19
784,2,15,28
785,2,20,24
786,2,16,26
787,2,16,26
788,2,17,24
789,2,18,26
790,2,15,22
791,2,14,24
792,2,20,19
793,2,7,24
794,2,22,25
795,2,15,28
796,2,8,22
797,2,10,24
798,2,15,25
799,2,3,22
800,2,2,17
801,2,21,28
802,2,15,17
803,2,15,10
804,2,0,1
805,2,1,23
806,2,13,24
807,2,14,26
808,2,22,10
809,2,23,22
810,2,3,17
811,2,16,24
812,2,15,28
813,2,21,25
814,2,17,25
815,2,15,24
816,2,21,20
817,2,14,28
818,2,13,15
819,2,17,22
820,2,17,24
821,2,17,10
822,2,20,15
823,2,23,25
824,2,16,25
825,2,19,17
826,2,13,24
827,2,11,26
828,2,1,22
829,2,13,15
830,2,0,23
831,2,14,24
832,2,22,24
833,2,14,24
834,2,11,24
835,2,15,24
836,2,16,1
837,2,23,17
838,2,12,1
839,2,10,25
840,2,15,24
841,2,12,15
842,2,15,10
843,2,18,24
844,2,21,22
845,2,16,22
846,2,13,10
847,2,9,24
848,2,23,10
849,2,23,10
850,2,23,17
851,2,4,23
852,2,14,26
853,2,4,10
854,2,12,24
855,2,20,26
856,2,14,24
857,2,20,24
858,2,22,20
859,2,8,24
860,2,20,26
861,2,20,17
862,2,16,24
863,2,22,26
864,2,14,28
865,2,2,23
866,2,20,23
867,2,8,24
868,2,23,22
869,2,0,23
870,2,3,24
871,2,14,25
872,2,21,20
873,2,5,17
874,2,16,23
875,2,17,10
876,2,20,26
877,2,7,24
878,2,0,26
879,2,20,10
880,2,18,25
881,2,21,24
882,2,18,23
883,2,23,24
884,2,12,24
885,2,19,24
886,2,23,15
887,2,3,15
888,2,10,15
889,2,14,15
890,2,19,24
891,2,8,10
892,2,23,1
893,2,16,26
894,2,13,24
895,2,19,24
896,2,16,10
897,2,17,24
898,2,8,10
899,2,17,10
900,2,5,17
901,2,13,24
902,2,5,10
903,2,2,25
904,2,18,15
905,2,10,24
906,2,14,24
907,2,22,26
908,2,17,1
909,2,16,1
910,2,23,25
911,2,20,25
912,2,16,27
913,2,12,28
914,2,15,19
915,2,22,28
916,2,8,10
917,2,16,24
918,2,0,20
919,2,15,24
920,2,3,23
921,2,12,25
922,2,19,24
923,2,14,27
924,2,14,17
925,2,22,27
926,2,8,10
927,2,23,22
928,2,22,28
929,2,16,24
930,2,13,26
931,2,12,23
932,2,13,17
933,2,20,24
934,2,13,10
935,2,23,15
936,2,11,24
937,2,22,26
938,2,14,24
939,2,21,28
940,2,17,17
941,2,0,25
942,2,15,24
943,2,12,25
944,2,15,23
945,2,8,24
946,2,16,28
947,2,20,28
948,2,22,1
949,2,23,24
950,2,8,24
951,2,18,24
952,2,23,25
953,2,0,26
954,2,3,24
955,2,23,22
956,2,17,22
957,2,21,23
958,2,12,25
959,2,14,2
960,2,7,28
961,2,20,28
962,2,17,23
963,2,16,26
964,2,20,26
965,2,14,25
966,2,12,25
967,2,16,28
968,2,16,26
969,2,10,1
970,2,15,27
971,2,17,28
972,2,3,25
973,2,14,28
974,2,16,26
975,2,11,24
976,2,20,22
977,2,13,22
978,2,16,26
979,2,22,24
980,2,1,23
981,2,22,26
982,2,11,22
983,2,21,24
984,2,16,23
985,2,22,23
986,2,9,15
987,2,0,28
988,2,16,26
989,2,17,23
990,2,4,10
991,2,13,28
992,2,10,24
993,2,15,24
994,2,20,22
995,2,17,24
996,2,21,17
997,2,19,28
998,2,13,24
999,2,17,23
1000,2,13,25
1001,2,7,24
1002,2,22,10
1003,2,18,17
1004,2,11,24
1005,2,0,10
1006,2,5,25
1007,2,16,26
1008,2,6,28
1009,2,16,24
1010,2,4,23
1011,2,3,23
1012,2,18,24
1013,2,23,24
1014,2,9,24
1015,2,15,24
1016,2,13,17
1017,2,13,26
1018,2,4,10
1019,2,11,24
1020,2,16,23
1021,2,17,24
1022,2,19,24
1023,2,15,10
1024,2,11,23
1025,2,5,10
1026,2,17,24
1027,2,2,24
1028,2,5,24
1029,2,11,17
1030,2,11,25
1031,2,0,24
1032,2,4,23
1033,2,17,10
1034,2,19,24
1035,2,8,24
1036,2,23,25
1037,2,11,23
1038,2,3,23
1039,2,15,24
1040,2,19,20
1041,2,18,17
1042,2,20,17
1043,2,2,17
1044,2,7,24
1045,2,23,10
1046,2,10,24
1047,2,6,24
1048,2,14,10
1049,2,18,10
1050,2,17,25
1051,2,22,22
1052,2,6,29
1053,2,12,26
1054,2,22,24
1055,2,4,23
1056,2,4,17
1057,2,4,17
1058,2,16,22
1059,2,19,24
1060,2,0,17
1061,2,20,15
1062,2,16,22
1063,2,16,26
1064,2,5,10
1065,2,2,22
1066,2,9,10
1067,2,4,23
1068,2,12,23
1069,2,14,28
1070,2,15,28
1071,2,18,15
1072,2,16,24
1073,2,15,28
1074,2,1,25
1075,2,3,24
1076,2,23,1
1077,2,21,24
1078,2,17,17
1079,2,18,17
1080,2,3,17
1081,2,20,27
1082,2,18,17
1083,2,14,25
1084,2,18,22
1085,2,3,23
1086,2,3,2
1087,2,14,24
1088,2,12,10
1089,2,22,17
1090,2,17,22
1091,2,12,10
1092,2,2,10
1093,2,4,10
1094,2,19,15
1095,2,13,24
1096,2,18,10
1097,2,15,17
1098,2,19,23
1099,2,18,26
1100,2,10,23
1101,2,2,25
1102,2,16,10
1103,2,20,24
1104,2,0,10
1105,2,20,1
1106,2,20,28
1107,2,0,2
1108,2,5,10
1109,2,8,24
1110,2,19,17
1111,2,6,25
1112,2,13,25
1113,2,3,24
1114,2,16,25
1115,2,22,1
1116,2,17,26
1117,2,16,22
1118,2,19,19
1119,2,0,26
1120,2,17,23
1121,2,3,17
1122,2,22,24
1123,2,5,17
1124,2,11,15
1125,2,12,22
1126,2,11,23
1127,2,5,10
1128,2,23,17
1129,2,8,10
1130,2,15,24
1131,2,13,25
1132,2,2,24
1133,2,17,25
1134,2,13,25
1135,2,19,22
1136,2,18,17
1137,2,14,1
1138,2,22,17
1139,2,17,10
1140,2,18,15
1141,2,15,24
1142,2,17,17
1143,2,15,17
1144,2,13,17
1145,2,17,24
1146,2,16,26
1147,2,12,17
1148,2,12,23
1149,2,6,17
1150,2,7,22
1151,2,15,25
1152,2,15,24
1153,2,17,28
1154,2,8,24
1155,2,8,24
1156,2,16,26
1157,2,10,2
1158,2,15,25
1159,2,1,26
1160,2,20,24
1161,2,2,23
1162,2,5,28
1163,2,10,24
1164,2,19,24
1165,2,10,25
1166,2,22,24
1167,2,5,24
1168,2,6,24
1169,2,4,25
1170,2,15,10
1171,2,22,17
1172,2,15,24
1173,2,16,22
1174,2,17,24
1175,2,4,28
1176,2,20,24
1177,2,5,24
1178,2,18,24
1179,2,5,23
1180,2,17,24
1181,2,13,25
1182,2,5,25
1183,2,6,25
1184,2,4,17
1185,2,15,17
1186,2,14,17
1187,2,4,17
1188,2,4,17
1189,2,3,17
1190,2,14,17
1191,2,16,17
1192,2,3,17
1193,2,15,17
1194,2,4,17
1195,2,16,17
1196,2,18,17
1197,2,17,28
1198,2,3,10
1199,2,16,20
1200,2,18,26
1201,2,18,22
1202,2,3,25
1203,2,15,24
1204,2,2,17
1205,2,18,22
1206,2,13,23
1207,2,13,25
1208,2,21,24
1209,2,23,24
1210,2,16,25
1211,2,20,26
1212,2,21,28
1213,2,8,24
1214,2,21,15
1215,2,0,24
1216,2,15,27
1217,2,15,10
1218,2,17,1
1219,2,15,24
1220,2,20,24
1221,2,14,24
1222,2,14,1
1223,2,21,24
1224,2,1,17
1225,2,23,10
1226,2,16,25
1227,2,14,23
1228,2,8,24
1229,2,15,17
1230,2,21,1
1231,2,22,24
1232,2,16,27
1233,2,14,25
1234,2,18,24
1235,2,11,25
1236,2,8,10
1237,2,16,27
1238,2,20,10
1239,2,22,1
1240,2,21,1
1241,2,15,24
1242,2,0,22
1243,2,20,27
1244,2,23,23
1245,2,20,26
1246,2,12,24
1247,2,12,23
1248,2,17,26
1249,2,14,22
1250,2,16,17
1251,2,7,22
1252,2,14,25
1253,2,2,23
1254,2,20,17
1255,2,7,17
1256,2,6,17
1257,2,12,1
1258,2,5,17
1259,2,17,28
1260,2,9,17
1261,2,6,17
1262,2,13,25
1263,2,18,17
1264,2,19,23
1265,2,2,23
1266,2,4,25
1267,2,21,25
1268,2,7,22
1269,2,0,10
1270,2,19,25
1271,2,21,17
1272,2,19,26
1273,2,22,28
1274,2,16,2
1275,2,15,24
1276,2,0,10
1277,2,13,24
1278,2,13,19
1279,2,16,25
1280,2,15,19
1281,2,12,17
1282,2,16,25
1283,2,7,24
1284,2,12,10
1285,2,22,26
1286,2,17,17
1287,2,17,28
1288,2,17,27
1289,2,2,25
1290,2,16,26
1291,2,23,25
1292,2,16,22
1293,2,5,24
1294,2,23,25
1295,2,7,24
1296,2,20,26
1297,2,12,25
1298,2,16,27
1299,2,19,26
1300,2,15,22
1301,2,2,25
1302,2,18,1
1303,2,13,25
1304,2,15,17
1305,2,4,17
1306,2,0,27
1307,2,7,25
1308,2,19,17
1309,2,19,25
1310,2,15,25
1311,2,23,24
1312,2,18,25
1313,2,21,24
1314,2,8,24
1315,2,3,10
1316,2,12,25
1317,2,5,24
1318,3,20,24
1319,3,13,24
1320,3,23,25
1321,3,17,22
1322,3,15,24
1323,3,9,10
1324,3,9,10
1325,3,13,24
1326,3,20,24
1327,3,15,24
1328,3,21,26
1329,3,15,25
1330,3,20,23
1331,3,2,2
1332,3,17,23
1333,3,2,27
1334,3,19,27
1335,3,6,29
1336,3,18,2
1337,3,20,24
1338,3,21,25
1339,3,14,28
1340,3,16,26
1341,3,16,26
1342,3,16,26
1343,3,17,1
1344,3,17,15
1345,3,20,28
1346,3,22,24
1347,3,22,24
1348,3,2,26
1349,3,19,24
1350,3,21,25
1351,3,20,28
1352,3,21,24
1353,3,15,10
1354,3,15,23
1355,3,17,24
1356,3,14,10
1357,3,17,25
1358,3,22,22
1359,3,20,25
1360,3,8,24
1361,3,5,17
1362,3,18,25
1363,3,0,15
1364,3,4,22
1365,3,15,1
1366,3,19,24
1367,3,20,10
1368,3,23,17
1369,3,7,22
1370,3,16,28
1371,3,10,24
1372,3,18,23
1373,3,3,23
1374,3,17,24
1375,3,1,26
1376,3,15,25
1377,3,19,15
1378,3,2,26
1379,3,4,10
1380,3,4,10
1381,3,21,27
1382,3,5,17
1383,3,8,26
1384,3,17,26
1385,3,21,26
1386,3,7,17
1387,3,14,17
1388,3,13,17
1389,3,21,23
1390,3,0,23
1391,3,15,24
1392,3,1,24
1393,3,16,24
1394,3,18,24
1395,3,6,17
1396,3,15,19
1397,3,13,10
1398,3,21,24
1399,3,5,25
1400,3,17,17
1401,3,14,10
1402,3,5,10
1403,3,14,24
1404,3,19,25
1405,3,19,23
1406,3,15,26
1407,3,5,17
1408,3,13,24
1409,3,7,23
1410,3,23,28
1411,3,11,28
1412,3,16,26
1413,3,3,28
1414,3,17,10
1415,3,0,24
1416,3,11,23
1417,3,9,23
1418,3,16,23
1419,3,2,22
1420,3,12,24
1421,3,14,25
1422,3,13,22
1423,3,6,10
1424,3,4,26
1425,3,9,26
1426,3,12,28
1427,3,16,22
1428,3,15,22
1429,3,21,17
1430,3,21,24
1431,3,19,27
1432,3,21,20
1433,3,4,28
1434,3,6,24
1435,3,15,24
1436,3,11,23
1437,3,18,28
1438,3,21,27
1439,3,17,17
1440,3,17,24
1441,3,8,28
1442,3,18,23
1443,3,18,24
1444,3,16,24
1445,3,20,26
1446,3,13,1
1447,3,17,26
1448,3,8,24
1449,3,0,26
1450,3,13,28
1451,3,0,26
1452,3,18,26
1453,3,0,22
1454,3,21,27
1455,3,15,26
1456,3,19,24
1457,3,6,2
1458,3,17,28
1459,3,14,27
1460,3,9,25
1461,3,12,28
1462,3,22,1
1463,3,21,25
1464,3,20,27
1465,3,23,28
1466,3,9,26
1467,3,3,17
1468,3,21,27
1469,3,11,10
1470,3,14,24
1471,3,14,28
1472,3,18,15
1473,3,13,24
1474,3,13,24
1475,3,10,23
1476,3,1,24
1477,3,18,10
1478,3,17,26
1479,3,10,25
1480,3,20,23
1481,3,14,28
1482,3,3,10
1483,3,9,10
1484,3,20,26
1485,3,3,25
1486,3,12,25
1487,3,17,15
1488,3,20,20
1489,3,8,10
1490,3,17,24
1491,3,17,22
1492,3,0,25
1493,3,17,10
1494,3,2,24
1495,3,10,2
1496,3,2,24
1497,3,16,17
1498,3,13,25
1499,3,17,26
1500,3,3,19
1501,3,8,24
1502,3,8,24
1503,3,17,24
1504,3,17,1
1505,3,20,1
1506,3,6,28
1507,3,7,23
1508,3,3,25
1509,3,1,28
1510,3,17,23
1511,3,13,28
1512,3,4,25
1513,3,6,23
1514,3,1,24
1515,3,12,24
1516,3,23,19
1517,3,14,24
1518,3,17,25
1519,3,20,20
1520,3,17,25
1521,3,17,24
1522,3,18,28
1523,3,17,25
1524,3,16,17
1525,3,10,25
1526,3,18,17
1527,3,17,26
1528,3,23,24
1529,3,16,26
1530,3,17,1
1531,3,20,24
1532,3,17,1
1533,3,15,27
1534,3,0,25
1535,3,3,22
1536,3,16,26
1537,3,23,25
1538,3,18,28
1539,3,17,28
1540,3,18,26
1541,3,20,26
1542,3,22,26
1543,3,23,26
1544,3,20,23
1545,3,17,22
1546,3,18,26
1547,3,15,15
1548,3,11,23
1549,3,10,24
1550,3,22,22
1551,3,22,22
1552,3,16,26
1553,3,16,26
1554,3,0,22
1555,3,1,22
1556,3,14,17
1557,3,18,22
1558,3,23,22
1559,3,15,23
1560,3,5,26
1561,3,17,25
1562,3,7,24
1563,3,20,15
1564,3,23,23
1565,3,20,24
1566,3,7,15
1567,3,20,10
1568,3,14,27
1569,3,22,10
1570,3,18,24
1571,3,22,28
1572,3,18,25
1573,3,14,24
1574,3,19,25
1575,3,16,22
1576,3,4,23
1577,3,16,17
1578,3,16,28
1579,3,20,24
1580,3,5,24
1581,3,14,25
1582,3,20,24
1583,3,17,24
1584,3,13,24
1585,3,5,10
1586,3,17,24
1587,3,5,23
1588,3,5,22
1589,3,2,23
1590,3,2,24
1591,3,2,17
1592,3,23,10
1593,3,22,17
1594,3,2,24
1595,3,21,17
1596,3,1,24
1597,3,3,24
1598,3,16,28
1599,3,13,10
1600,3,20,22
1601,3,17,24
1602,3,23,24
1603,3,0,24
1604,3,20,10
1605,3,18,25
1606,3,15,25
1607,3,4,17
1608,3,0,22
1609,3,15,10
1610,3,20,20
1611,3,18,10
1612,3,16,22
1613,3,3,17
1614,3,13,22
1615,3,20,24
1616,3,20,26
1617,3,4,24
1618,3,21,17
1619,3,1,17
1620,3,16,17
1621,3,3,17
1622,3,7,17
1623,3,4,17
1624,3,16,25
1625,3,13,10
1626,3,20,28
1627,3,19,22
1628,3,17,25
1629,3,15,22
1630,3,22,23
1631,3,23,26
1632,3,22,10
1633,3,12,15
1634,3,8,24
1635,3,19,20
1636,3,14,24
1637,3,15,23
1638,3,11,23
1639,3,13,10
1640,3,18,24
1641,3,8,26
1642,3,18,28
1643,3,3,22
1644,3,15,27
1645,3,18,10
1646,3,22,24
1647,3,1,24
1648,3,20,24
1649,3,11,25
1650,3,14,15
1651,3,6,24
1652,3,0,22
1653,3,16,24
1654,3,2,25
1655,3,6,24
1656,3,13,26
1657,3,15,10
1658,3,20,24
1659,3,17,17
1660,3,0,25
1661,3,4,24
1662,3,15,25
1663,3,18,10
1664,3,2,24
1665,3,16,28
1666,3,6,25
1667,3,16,25
1668,3,16,24
1669,3,18,26
1670,3,5,24
1671,3,12,24
1672,3,13,25
1673,3,20,25
1674,3,3,17
1675,3,18,10
1676,3,15,26
1677,3,17,10
1678,3,5,10
1679,3,5,10
1680,3,17,24
1681,3,17,20
1682,3,5,10
1683,3,0,25
1684,3,13,17
1685,3,13,29
1686,3,14,15
1687,3,10,26
1688,3,12,25
1689,3,17,10
1690,3,14,10
1691,3,17,22
1692,3,8,24
1693,3,20,28
1694,3,14,25
1695,3,21,17
1696,3,3,10
1697,3,21,22
1698,3,17,25
1699,3,8,10
1700,3,18,1
1701,3,0,17
1702,3,11,15
1703,3,9,25
1704,3,23,23
1705,3,15,25
1706,3,11,1
1707,3,16,25
1708,3,13,24
1709,3,21,25
1710,3,14,28
1711,3,13,25
1712,3,22,22
1713,3,1,22
1714,3,7,22
1715,3,18,24
1716,3,15,28
1717,3,15,24
1718,3,23,24
1719,3,18,24
1720,3,23,1
1721,3,4,17
1722,3,17,24
1723,3,15,2
1724,3,19,24
1725,3,15,1
1726,3,16,24
1727,3,15,24
1728,3,19,17
1729,3,19,24
1730,3,14,24
1731,3,11,26
1732,3,9,10
1733,3,17,17
1734,3,17,17
1735,3,13,23
1736,3,13,23
1737,3,22,10
1738,3,13,23
1739,3,4,23
1740,3,12,10
1741,3,15,24
1742,3,13,24
1743,3,16,24
1744,3,21,28
1745,3,12,23
1746,3,18,25
1747,3,15,24
1748,3,13,24
1749,3,16,10
1750,3,9,24
1751,3,5,24
1752,3,16,27
1753,3,16,1
1754,3,15,2
1755,3,0,28
1756,3,0,24
1757,3,21,26
1758,3,15,27
1759,3,16,24
1760,3,17,22
1761,3,17,24
1762,3,14,17
1763,3,16,27
1764,3,16,28
1765,3,16,24
1766,3,17,24
1767,3,20,24
1768,3,2,23
1769,3,15,17
1770,3,16,17
1771,3,3,17
1772,3,15,17
1773,3,0,17
1774,3,11,24
1775,3,14,27
1776,3,18,25
1777,3,0,17
1778,3,8,10
1779,3,10,24
1780,3,13,25
1781,3,23,25
1782,3,11,17
1783,3,2,27
1784,3,19,24
1785,3,21,24
1786,3,18,10
1787,3,16,24
1788,3,2,23
1789,3,19,20
1790,3,21,28
1791,3,5,17
1792,3,16,28
1793,3,21,10
1794,3,19,26
1795,3,14,28
1796,3,22,26
1797,3,16,24
1798,3,19,22
1799,3,13,24
1800,3,16,24
1801,3,1,1
1802,3,13,25
1803,3,23,28
1804,3,2,20
1805,3,19,17
1806,3,10,24
1807,3,3,22
1808,3,18,24
1809,3,15,24
1810,3,11,24
1811,3,15,22
1812,3,13,23
1813,3,20,28
1814,3,19,29
1815,3,3,26
1816,3,22,2
1817,3,18,23
1818,3,10,25
1819,3,13,25
1820,3,19,24
1821,3,8,10
1822,3,7,22
1823,3,20,22
1824,3,15,28
1825,3,2,24
1826,3,23,24
1827,3,5,10
1828,3,15,28
1829,3,21,26
1830,3,14,28
1831,3,0,25
1832,3,21,22
1833,3,12,25
1834,3,17,24
1835,3,4,23
1836,3,15,10
1837,3,20,10
1838,3,3,1
1839,3,23,17
1840,3,6,17
1841,3,8,17
1842,3,7,17
1843,3,6,17
1844,3,8,10
1845,3,12,20
1846,3,19,17
1847,3,0,2
1848,3,13,1
1849,3,16,10
1850,3,18,26
1851,3,18,26
1852,3,17,25
1853,3,14,10
1854,3,17,26
1855,3,13,27
1856,3,6,29
1857,3,17,1
1858,3,17,1
1859,3,2,17
1860,3,20,24
1861,3,1,28
1862,3,21,26
1863,3,17,24
1864,3,23,2
1865,3,16,25
1866,3,16,25
1867,3,15,28
1868,3,11,24
1869,3,14,23
1870,3,15,22
1871,3,22,23
1872,3,1,22
1873,3,20,25
1874,3,5,24
1875,3,16,26
1876,3,16,26
1877,3,16,26
1878,3,16,26
1879,3,16,26
1880,3,21,27
1881,3,23,15
1882,3,22,27
1883,3,21,27
1884,3,22,27
1885,3,15,27
1886,3,3,23
1887,3,16,23
1888,3,21,22
1889,3,22,23
1890,3,14,24
1891,3,17,23
1892,3,23,23
1893,3,16,24
1894,3,19,24
1895,3,18,24
1896,3,20,17
1897,3,14,24
1898,3,13,25
1899,3,13,25
1900,3,12,25
1901,3,19,24
1902,3,17,24
1903,3,22,17
1904,3,19,22
1905,3,15,22
1906,3,4,24
1907,3,17,23
1908,3,13,1
1909,3,1,28
1910,3,4,20
1911,3,18,20
1912,3,22,24
1913,3,19,24
1914,4,16,1
1915,4,17,24
1916,4,18,1
1917,4,14,24
1918,4,12,24
1919,4,9,10
1920,4,17,1
1921,4,19,28
1922,4,5,24
1923,4,20,19
1924,4,14,24
1925,4,23,10
1926,4,15,22
1927,4,20,28
1928,4,15,22
1929,4,15,22
1930,4,16,26
1931,4,16,26
1932,4,17,26
1933,4,19,26
1934,4,6,2
1935,4,6,24
1936,4,13,25
1937,4,14,10
1938,4,3,2
1939,4,16,24
1940,4,15,24
1941,4,19,25
1942,4,21,28
1943,4,10,15
1944,4,14,25
1945,4,16,1
1946,4,17,24
1947,4,17,28
1948,4,18,26
1949,4,14,19
1950,4,15,26
1951,4,2,23
1952,4,18,22
1953,4,15,27
1954,4,8,24
1955,4,2,1
1956,4,13,22
1957,4,16,24
1958,4,0,15
1959,4,17,22
1960,4,1,10
1961,4,19,24
1962,4,14,25
1963,4,19,20
1964,4,12,25
1965,4,14,27
1966,4,18,24
1967,4,17,25
1968,4,21,22
1969,4,19,24
1970,4,18,22
1971,4,16,22
1972,4,17,15
1973,4,19,24
1974,4,10,20
1975,4,15,10
1976,4,1,26
1977,4,0,10
1978,4,12,10
1979,4,1,24
1980,4,19,24
1981,4,17,19
1982,4,13,24
1983,4,22,24
1984,4,0,26
1985,4,19,24
1986,4,21,24
1987,4,15,10
1988,4,18,24
1989,4,17,10
1990,4,18,22
1991,4,22,23
1992,4,16,26
1993,4,18,24
1994,4,19,28
1995,4,5,10
1996,4,4,17
1997,4,17,26
1998,4,21,22
1999,4,0,10
2000,4,21,24
2001,4,21,24
2002,4,16,26
2003,4,17,22
2004,4,16,24
2005,4,22,22
2006,4,17,1
2007,4,7,24
2008,4,5,25
2009,4,23,23
2010,4,15,25
2011,4,18,22
2012,4,10,23
2013,4,4,23
2014,4,1,10
2015,4,16,10
2016,4,7,24
2017,4,16,22
2018,4,13,26
2019,4,14,25
2020,4,6,24
2021,4,0,26
2022,4,5,10
2023,4,17,10
2024,4,21,22
2025,4,18,26
2026,4,19,15
2027,4,14,26
2028,4,16,10
2029,4,13,24
2030,4,0,22
2031,4,0,15
2032,4,19,24
2033,4,0,17
2034,4,16,24
2035,4,21,28
2036,4,0,24
2037,4,18,23
2038,4,22,25
2039,4,16,26
2040,4,11,24
2041,4,14,1
2042,4,5,28
2043,4,18,25
2044,4,22,2
2045,4,4,17
2046,4,10,24
2047,4,13,24
2048,4,12,15
2049,4,14,22
2050,4,16,26
2051,4,16,1
2052,4,21,27
2053,4,15,26
2054,4,0,15
2055,4,5,23
2056,4,0,23
2057,4,17,15
2058,4,16,25
2059,4,22,22
2060,4,1,28
2061,4,3,28
2062,4,15,24
2063,4,12,1
2064,4,3,17
2065,4,18,23
2066,4,5,25
2067,4,10,10
2068,4,17,26
2069,4,10,24
2070,4,17,24
2071,4,23,24
2072,4,21,24
2073,4,23,24
2074,4,14,2
2075,4,8,22
2076,4,11,10
2077,4,12,10
2078,4,12,10
2079,4,7,22
2080,4,5,24
2081,4,16,23
2082,4,17,23
2083,4,15,22
2084,4,15,2
2085,4,18,23
2086,4,23,24
2087,4,11,20
2088,4,10,24
2089,4,4,23
2090,4,11,15
2091,4,0,20
2092,4,12,24
2093,4,5,10
2094,4,15,17
2095,4,17,24
2096,4,5,28
2097,4,17,10
2098,4,15,27
2099,4,13,24
2100,4,23,22
2101,4,14,1
2102,4,5,10
2103,4,17,26
2104,4,19,20
2105,4,20,24
2106,4,23,24
2107,4,17,23
2108,4,18,23
2109,4,14,22
2110,4,8,24
2111,4,16,24
2112,4,20,1
2113,4,21,26
2114,4,17,17
2115,4,10,15
2116,4,19,10
2117,4,14,10
2118,4,16,17
2119,4,14,1
2120,4,7,24
2121,4,16,10
2122,4,13,25
2123,4,17,1
2124,4,23,22
2125,4,18,1
2126,4,15,27
2127,4,17,24
2128,4,22,26
2129,4,16,19
2130,4,16,27
2131,4,17,27
2132,4,14,27
2133,4,22,28
2134,4,22,1
2135,4,22,1
2136,4,17,1
2137,4,17,27
2138,4,23,26
2139,4,19,22
2140,4,18,17
2141,4,0,23
2142,4,22,26
2143,4,12,22
2144,4,16,26
2145,4,18,26
2146,4,22,26
2147,4,23,26
2148,4,20,28
2149,4,15,15
2150,4,2,22
2151,4,17,24
2152,4,14,1
2153,4,22,22
2154,4,15,26
2155,4,6,22
2156,4,15,26
2157,4,17,1
2158,4,20,15
2159,4,1,28
2160,4,5,10
2161,4,16,24
2162,4,17,24
2163,4,5,17
2164,4,1,22
2165,4,15,28
2166,4,22,24
2167,4,23,25
2168,4,0,26
2169,4,15,25
2170,4,16,22
2171,4,16,22
2172,4,15,10
2173,4,1,22
2174,4,5,10
2175,4,9,24
2176,4,11,24
2177,4,22,24
2178,4,23,17
2179,4,16,10
2180,4,14,10
2181,4,20,17
2182,4,13,24
2183,4,15,10
2184,4,3,17
2185,4,5,23
2186,4,19,24
2187,4,12,23
2188,4,4,17
2189,4,17,24
2190,4,7,26
2191,4,22,23
2192,4,1,1
2193,4,18,10
2194,4,18,24
2195,4,0,24
2196,4,19,22
2197,4,1,17
2198,4,12,23
2199,4,23,25
2200,4,17,10
2201,4,21,24
2202,4,12,22
2203,4,0,10
2204,4,2,24
2205,4,18,10
2206,4,5,24
2207,4,17,23
2208,4,13,15
2209,4,15,24
2210,4,18,1
2211,4,15,28
2212,4,15,24
2213,4,21,24
2214,4,3,17
2215,4,8,10
2216,4,18,17
2217,4,20,24
2218,4,14,24
2219,4,15,25
2220,4,15,17
2221,4,2,24
2222,4,23,28
2223,4,23,22
2224,4,4,1
2225,4,12,10
2226,4,17,24
2227,4,13,24
2228,4,13,24
2229,4,21,24
2230,4,17,26
2231,4,19,24
2232,4,14,10
2233,4,2,24
2234,4,19,20
2235,4,16,10
2236,4,6,22
2237,4,4,23
2238,4,13,26
2239,4,15,24
2240,4,19,24
2241,4,20,24
2242,4,8,24
2243,4,0,17
2244,4,15,22
2245,4,16,24
2246,4,1,24
2247,4,22,25
2248,4,17,24
2249,4,14,23
2250,4,13,24
2251,4,22,25
2252,4,19,24
2253,4,8,1
2254,4,17,25
2255,4,22,22
2256,4,15,24
2257,4,21,22
2258,4,16,24
2259,4,19,26
2260,4,23,24
2261,4,21,22
2262,4,20,24
2263,4,13,25
2264,4,22,26
2265,4,23,17
2266,4,22,24
2267,4,1,1
2268,4,19,25
2269,4,23,24
2270,4,23,17
2271,4,17,1
2272,4,10,24
2273,4,21,25
2274,4,12,25
2275,4,20,26
2276,4,0,2
2277,4,21,17
2278,4,20,2
2279,4,23,22
2280,4,3,24
2281,4,17,24
2282,4,13,24
2283,4,1,23
2284,4,0,25
2285,4,22,17
2286,4,22,25
2287,4,13,24
2288,4,19,22
2289,4,16,24
2290,4,12,25
2291,4,15,28
2292,4,23,22
2293,4,18,1
2294,4,16,20
2295,4,8,15
2296,4,16,25
2297,4,22,19
2298,4,15,27
2299,4,3,17
2300,4,8,26
2301,4,18,25
2302,4,17,26
2303,4,16,23
2304,4,17,10
2305,4,19,10
2306,4,13,22
2307,4,21,22
2308,4,15,24
2309,4,15,22
2310,4,8,24
2311,4,1,1
2312,4,18,17
2313,4,0,23
2314,4,16,1
2315,4,20,24
2316,4,17,23
2317,4,1,17
2318,4,23,26
2319,4,16,23
2320,4,16,29
2321,4,12,24
2322,4,0,24
2323,4,17,28
2324,4,19,28
2325,4,19,28
2326,4,19,26
2327,4,19,24
2328,4,16,26
2329,4,2,17
2330,4,16,26
2331,4,7,10
2332,4,21,24
2333,4,11,20
2334,4,16,25
2335,4,12,25
2336,4,22,25
2337,4,15,25
2338,4,5,24
2339,4,14,24
2340,4,5,23
2341,4,8,24
2342,4,10,10
2343,4,0,24
2344,4,23,26
2345,4,1,22
2346,4,17,23
2347,4,0,24
2348,4,17,15
2349,4,13,24
2350,4,3,23
2351,4,16,26
2352,4,20,25
2353,4,13,15
2354,4,11,26
2355,4,16,28
2356,4,1,24
2357,4,5,23
2358,4,2,24
2359,4,21,1
2360,4,1,17
2361,4,16,10
2362,4,1,24
2363,4,17,24
2364,4,16,10
2365,4,21,24
2366,4,19,15
2367,4,0,28
2368,4,16,28
2369,4,5,24
2370,4,2,24
2371,4,23,17
2372,4,17,23
2373,4,13,29
2374,4,15,24
2375,4,15,27
2376,4,18,24
2377,4,23,1
2378,4,16,10
2379,4,18,1
2380,4,4,1
2381,4,20,24
2382,4,11,19
2383,4,18,2
2384,4,7,28
2385,4,13,24
2386,4,19,23
2387,4,18,25
2388,4,2,24
2389,4,3,28
2390,4,18,24
2391,4,16,26
2392,4,23,23
2393,4,3,2
2394,4,17,24
2395,4,15,24
2396,4,22,15
2397,4,17,28
2398,4,14,15
2399,4,22,27
2400,4,23,22
2401,4,3,17
2402,4,20,22
2403,4,15,24
2404,4,2,24
2405,4,14,22
2406,4,20,22
2407,4,5,2
2408,4,16,28
2409,4,7,22
2410,4,1,28
2411,4,17,1
2412,4,3,23
2413,4,15,24
2414,4,14,25
2415,4,18,24
2416,4,19,24
2417,4,17,22
2418,4,16,24
2419,4,16,24
2420,4,1,17
2421,4,5,17
2422,4,13,26
2423,4,22,27
2424,4,16,28
2425,4,15,28
2426,4,16,24
2427,4,17,24
2428,4,22,15
2429,4,16,24
2430,4,16,26
2431,4,13,25
2432,4,15,27
2433,4,21,28
2434,4,17,23
2435,4,23,28
2436,4,22,22
2437,4,17,17
2438,4,16,25
2439,4,19,23
2440,4,16,25
2441,4,16,25
2442,4,16,24
2443,4,23,24
2444,4,15,26
2445,4,20,22
2446,4,16,26
2447,4,14,2
2448,4,17,17
2449,4,16,26
2450,4,22,27
2451,4,2,22
2452,4,17,25
2453,4,14,27
2454,4,16,26
2455,4,17,26
2456,4,20,25
2457,4,21,23
2458,4,21,24
2459,4,21,22
2460,4,14,27
2461,4,15,26
2462,4,18,22
2463,4,12,25
2464,4,0,17
2465,4,22,27
2466,4,18,27
2467,4,18,24
2468,4,1,22
2469,4,10,15
2470,4,11,24
2471,4,15,28
2472,4,18,24
2473,4,2,26
2474,4,23,24
2475,4,22,20
2476,4,18,22
2477,4,22,24
2478,4,1,28
2479,5,5,22
2480,5,15,24
2481,5,20,24
2482,5,5,10
2483,5,8,2
2484,5,9,10
2485,5,15,10
2486,5,9,10
2487,5,15,22
2488,5,15,22
2489,5,10,24
2490,5,19,24
2491,5,13,24
2492,5,14,24
2493,5,20,24
2494,5,16,17
2495,5,18,25
2496,5,23,27
2497,5,15,28
2498,5,16,10
2499,5,17,26
2500,5,21,23
2501,5,14,2
2502,5,21,28
2503,5,23,28
2504,5,21,27
2505,5,19,22
2506,5,13,24
2507,5,12,28
2508,5,20,26
2509,5,2,26
2510,5,0,24
2511,5,15,27
2512,5,20,15
2513,5,15,15
2514,5,16,28
2515,5,17,17
2516,5,16,26
2517,5,15,27
2518,5,7,22
2519,5,15,10
2520,5,17,22
2521,5,13,24
2522,5,11,24
2523,5,14,26
2524,5,6,23
2525,5,2,17
2526,5,2,23
2527,5,9,25
2528,5,17,10
2529,5,16,26
2530,5,8,24
2531,5,17,27
2532,5,17,24
2533,5,17,25
2534,5,0,25
2535,5,11,10
2536,5,22,22
2537,5,18,20
2538,5,22,22
2539,5,4,27
2540,5,20,43
2541,5,20,28
2542,5,14,27
2543,5,16,28
2544,5,15,26
2545,5,11,15
2546,5,19,24
2547,5,19,24
2548,5,16,24
2549,5,19,23
2550,5,18,24
2551,5,20,17
2552,5,23,26
2553,5,13,25
2554,5,15,17
2555,5,16,22
2556,5,18,20
2557,5,14,28
2558,5,17,26
2559,5,16,24
2560,5,19,23
2561,5,23,17
2562,5,6,17
2563,5,0,17
2564,5,16,28
2565,5,2,17
2566,5,16,26
2567,5,0,24
2568,5,18,26
2569,5,16,26
2570,5,11,22
2571,5,22,26
2572,5,22,27
2573,5,16,26
2574,5,1,22
2575,5,18,26
2576,5,5,10
2577,5,11,24
2578,5,23,22
2579,5,9,1
2580,5,5,10
2581,5,13,24
2582,5,16,22
2583,5,13,24
2584,5,17,22
2585,5,2,25
2586,5,23,10
2587,5,10,10
2588,5,3,10
2589,5,12,10
2590,5,19,10
2591,5,13,10
2592,5,8,10
2593,5,2,1
2594,5,23,24
2595,5,16,24
2596,5,17,26
2597,5,16,10
2598,5,16,26
2599,5,22,25
2600,5,21,24
2601,5,1,26
2602,5,11,17
2603,5,18,10
2604,5,16,10
2605,5,0,26
2606,5,18,10
2607,5,3,26
2608,5,17,24
2609,5,10,24
2610,5,9,10
2611,5,7,10
2612,5,15,24
2613,5,1,23
2614,5,0,15
2615,5,14,22
2616,5,0,25
2617,5,12,15
2618,5,14,27
2619,5,0,26
2620,5,14,22
2621,5,16,26
2622,5,17,23
2623,5,19,22
2624,5,23,24
2625,5,21,26
2626,5,17,10
2627,5,18,23
2628,5,16,10
2629,5,15,24
2630,5,18,24
2631,5,13,1
2632,5,15,17
2633,5,17,17
2634,5,15,25
2635,5,23,24
2636,5,12,25
2637,5,14,24
2638,5,22,24
2639,5,16,24
2640,5,0,22
2641,5,1,28
2642,5,13,24
2643,5,13,24
2644,5,0,26
2645,5,13,24
2646,5,15,24
2647,5,15,22
2648,5,19,24
2649,5,19,24
2650,5,19,24
2651,5,5,24
2652,5,14,15
2653,5,2,26
2654,5,23,22
2655,5,20,10
2656,5,14,20
2657,5,20,22
2658,5,22,28
2659,5,20,24
2660,5,13,25
2661,5,14,26
2662,5,1,26
2663,5,14,24
2664,5,0,10
2665,5,23,23
2666,5,16,24
2667,5,17,10
2668,5,22,22
2669,5,20,24
2670,5,17,23
2671,5,1,24
2672,5,16,1
2673,5,5,10
2674,5,13,24
2675,5,13,15
2676,5,18,25
2677,5,2,23
2678,5,22,25
2679,5,16,1
2680,5,19,1
2681,5,12,25
2682,5,17,23
2683,5,21,26
2684,5,14,17
2685,5,18,26
2686,5,5,10
2687,5,15,25
2688,5,19,26
2689,5,5,24
2690,5,19,28
2691,5,18,22
2692,5,16,26
2693,5,15,19
2694,5,23,26
2695,5,20,24
2696,5,17,23
2697,5,15,10
2698,5,14,26
2699,5,12,2
2700,5,14,1
2701,5,4,20
2702,5,17,24
2703,5,18,23
2704,5,17,24
2705,5,18,24
2706,5,21,24
2707,5,2,24
2708,5,21,1
2709,5,14,23
2710,5,21,28
2711,5,7,22
2712,5,5,10
2713,5,6,23
2714,5,19,1
2715,5,5,10
2716,5,4,23
2717,5,17,10
2718,5,5,10
2719,5,19,10
2720,5,3,23
2721,5,21,15
2722,5,0,24
2723,5,11,10
2724,5,13,10
2725,5,22,1
2726,5,18,23
2727,5,7,17
2728,5,8,25
2729,5,2,17
2730,5,15,17
2731,5,6,17
2732,5,10,25
2733,5,21,24
2734,5,8,26
2735,5,18,1
2736,5,17,1
2737,5,9,26
2738,5,1,1
2739,5,22,27
2740,5,18,23
2741,5,14,25
2742,5,22,27
2743,5,17,27
2744,5,16,28
2745,5,17,26
2746,5,17,27
2747,5,21,23
2748,5,18,20
2749,5,1,22
2750,5,12,26
2751,5,3,26
2752,5,15,27
2753,5,16,26
2754,5,17,23
2755,5,14,27
2756,5,16,24
2757,5,17,26
2758,5,3,26
2759,5,21,22
2760,5,21,23
2761,5,14,28
2762,5,4,10
2763,5,5,10
2764,5,4,2
2765,5,22,24
2766,5,19,22
2767,5,15,22
2768,5,0,22
2769,5,16,26
2770,5,2,1
2771,5,15,24
2772,5,9,10
2773,5,19,10
2774,5,5,10
2775,5,16,26
2776,5,14,1
2777,5,13,26
2778,5,7,17
2779,5,14,28
2780,5,12,28
2781,5,17,28
2782,5,1,26
2783,5,16,24
2784,5,15,10
2785,5,22,10
2786,5,19,24
2787,5,19,1
2788,5,8,10
2789,5,13,17
2790,5,5,10
2791,5,14,25
2792,5,4,17
2793,5,2,25
2794,5,11,10
2795,5,23,28
2796,5,21,17
2797,5,4,24
2798,5,19,22
2799,5,5,17
2800,5,8,24
2801,5,15,17
2802,5,4,23
2803,5,7,22
2804,5,4,24
2805,5,4,10
2806,5,7,22
2807,5,1,25
2808,5,6,10
2809,5,18,10
2810,5,18,10
2811,5,14,26
2812,5,0,20
2813,5,9,24
2814,5,17,24
2815,5,18,23
2816,5,2,24
2817,5,5,10
2818,5,13,10
2819,5,7,24
2820,5,18,19
2821,5,6,24
2822,5,16,26
2823,5,8,24
2824,5,15,24
2825,5,14,24
2826,5,15,24
2827,5,20,10
2828,5,11,24
2829,5,15,24
2830,5,14,24
2831,5,5,10
2832,5,2,17
2833,5,2,25
2834,5,15,10
2835,5,0,10
2836,5,17,26
2837,5,13,25
2838,5,0,26
2839,5,16,23
2840,5,18,24
2841,5,16,26
2842,5,22,27
2843,5,17,24
2844,5,19,24
2845,5,11,23
2846,5,21,27
2847,5,11,10
2848,5,18,20
2849,5,15,24
2850,5,21,26
2851,5,20,22
2852,5,16,2
2853,5,15,24
2854,5,1,22
2855,5,18,25
2856,5,5,10
2857,5,18,25
2858,5,17,24
2859,5,14,24
2860,5,17,24
2861,5,19,23
2862,5,7,10
2863,5,14,10
2864,5,17,10
2865,5,16,24
2866,5,20,10
2867,5,13,24
2868,5,13,24
2869,5,2,23
2870,5,13,1
2871,5,17,26
2872,5,17,29
2873,5,16,24
2874,5,16,25
2875,5,8,24
2876,5,5,10
2877,5,0,28
2878,5,15,24
2879,5,2,10
2880,5,23,23
2881,5,5,10
2882,5,8,24
2883,5,5,10
2884,5,16,24
2885,5,0,24
2886,5,14,24
2887,5,8,25
2888,5,4,24
2889,5,15,2
2890,5,14,28
2891,5,18,17
2892,5,18,22
2893,5,1,26
2894,5,19,24
2895,5,23,28
2896,5,13,26
2897,5,0,10
2898,5,1,17
2899,5,0,17
2900,5,1,17
2901,5,5,19
2902,5,13,25
2903,5,11,26
2904,5,16,29
2905,5,5,10
2906,5,2,20
2907,5,14,20
2908,5,16,20
2909,5,17,24
2910,5,0,2
2911,5,0,27
2912,5,5,17
2913,5,17,23
2914,5,19,25
2915,5,17,23
2916,5,18,24
2917,5,14,24
2918,5,3,24
2919,5,13,24
2920,5,21,17
2921,5,19,24
2922,5,18,25
2923,5,20,24
2924,5,14,24
2925,5,4,23
2926,5,14,10
2927,5,16,26
2928,5,14,26
2929,5,17,25
2930,5,16,28
2931,5,13,26
2932,5,20,28
2933,5,10,26
2934,5,22,20
2935,5,18,10
2936,5,5,10
2937,5,0,22
2938,5,6,25
2939,5,21,22
2940,5,13,24
2941,5,17,25
2942,5,20,24
2943,5,15,10
2944,5,8,10
2945,5,1,17
2946,5,0,25
2947,5,11,25
2948,5,4,17
2949,5,23,23
2950,5,0,22
2951,5,20,17
2952,5,11,23
2953,5,20,23
2954,5,18,23
2955,5,9,10
2956,5,10,25
2957,5,18,23
2958,5,18,24
2959,5,18,15
2960,5,0,24
2961,5,2,26
2962,5,6,24
2963,5,20,28
2964,5,21,28
2965,5,2,17
2966,5,5,24
2967,5,17,24
2968,5,14,27
2969,5,15,24
2970,5,15,1
2971,5,19,28
2972,5,8,24
2973,5,14,15
2974,5,19,27
2975,5,15,24
2976,5,23,1
2977,5,11,23
2978,5,1,24
2979,5,18,15
2980,5,16,10
2981,5,21,24
2982,5,15,24
2983,5,18,26
2984,5,10,24
2985,5,17,24
2986,5,21,27
2987,5,16,10
2988,5,14,24
2989,5,18,24
2990,5,6,24
2991,5,6,24
2992,5,13,28
2993,5,17,1
2994,5,19,24
2995,5,17,24
2996,5,22,24
2997,5,19,24
2998,5,17,17
2999,5,1,17
3000,5,14,17
3001,5,15,17
3002,5,3,17
3003,5,23,17
3004,5,1,24
3005,5,8,24
3006,5,14,24
3007,5,19,10
3008,5,3,26
3009,5,21,2
3010,5,16,26
3011,5,2,23
3012,5,20,26
3013,5,14,10
3014,5,22,22
3015,5,23,24
3016,5,19,24
3017,5,19,23
3018,5,18,24
3019,5,6,28
3020,5,15,26
3021,5,17,28
3022,5,20,25
3023,5,18,24
3024,5,23,22
3025,5,0,28
3026,5,18,25
3027,5,12,26
3028,5,0,22
3029,5,14,24
3030,5,15,27
3031,5,17,23
3032,5,7,24
3033,5,8,24
3034,5,8,28
3035,5,23,26
3036,5,21,24
3037,5,19,28
3038,5,12,28
3039,5,14,10
3040,5,18,24
3041,5,18,10
3042,5,18,26
3043,5,22,1
3044,5,21,1
3045,5,14,27
3046,5,5,10
3047,5,8,1
3048,5,21,24
3049,5,2,1
3050,5,2,20
3051,5,18,20
3052,5,7,22
3053,5,15,28
3054,5,17,10
3055,5,19,2
3056,5,22,22
3057,5,16,27
3058,5,17,27
3059,5,16,27
3060,5,20,22
3061,5,20,28
3062,5,15,26
3063,5,13,10
3064,5,20,24
3065,5,22,22
3066,5,3,24
3067,5,21,24
3068,5,22,25
3069,5,15,26
3070,5,18,22
3071,5,19,15
3072,5,8,10
3073,5,22,19
3074,5,5,10
3075,5,17,24
3076,5,18,24
3077,5,5,10
3078,5,15,28
3079,5,5,17
3080,5,7,17
3081,5,19,24
3082,5,18,23
3083,5,14,10
3084,5,18,19
3085,5,12,10
3086,5,2,10
3087,5,19,25
3088,5,2,23
3089,5,22,25
3090,5,17,24
3091,5,22,26
3092,5,16,24
3093,5,8,27
3094,5,22,25
3095,5,17,1
3096,5,23,26
3097,5,16,1
3098,5,0,24
3099,5,20,26
3100,5,19,1
3101,5,1,23
3102,5,14,15
3103,5,11,24
3104,5,16,24
3105,5,16,26
3106,5,14,24
3107,5,21,2
3108,5,19,25
3109,5,18,25
3110,5,23,28
3111,5,18,22
3112,5,4,25
3113,5,2,24
3114,5,0,15
3115,5,4,17
3116,5,22,23
3117,5,17,19
3118,5,14,24
3119,5,17,24
3120,5,10,15
3121,5,21,23
3122,5,21,24
3123,5,14,27
3124,5,16,22
3125,5,7,22
3126,5,17,24
3127,5,23,24
3128,5,20,24
3129,5,16,24
3130,5,16,22
3131,5,23,24
3132,5,14,28
3133,5,18,17
3134,5,14,28
3135,5,15,27
3136,5,20,23
3137,5,20,10
3138,5,20,24
3139,5,21,23
3140,5,6,24
3141,5,1,24
3142,5,14,25
3143,5,17,24
3144,5,19,10
3145,5,12,25
3146,5,21,27
3147,5,21,22
3148,5,5,10
3149,5,22,27
3150,5,14,27
3151,5,18,28
3152,5,13,17
3153,5,14,27
3154,5,2,25
3155,5,21,27
3156,5,18,24
3157,5,17,26
3158,5,20,1
3159,5,17,23
3160,5,15,22
3161,5,18,28
3162,5,23,28
3163,5,16,26
3164,5,16,22
3165,5,21,24
3166,5,22,24
3167,5,15,10
3168,5,3,10
3169,5,15,22
3170,5,14,28
3171,6,16,24
3172,6,17,24
3173,6,3,24
3174,6,3,24
3175,6,23,26
3176,6,13,24
3177,6,15,22
3178,6,15,22
3179,6,15,22
3180,6,17,28
3181,6,20,24
3182,6,22,26
3183,6,16,27
3184,6,21,28
3185,6,16,24
3186,6,15,24
3187,6,5,24
3188,6,14,10
3189,6,3,24
3190,6,18,23
3191,6,16,27
3192,6,17,26
3193,6,18,24
3194,6,20,26
3195,6,8,20
3196,6,2,22
3197,6,21,28
3198,6,11,24
3199,6,13,24
3200,6,16,26
3201,6,2,26
3202,6,15,25
3203,6,17,19
3204,6,13,24
3205,6,21,27
3206,6,14,26
3207,6,16,27
3208,6,6,24
3209,6,6,28
3210,6,13,10
3211,6,16,22
3212,6,7,19
3213,6,18,1
3214,6,2,25
3215,6,23,15
3216,6,12,24
3217,6,9,1
3218,6,19,24
3219,6,17,25
3220,6,22,24
3221,6,21,24
3222,6,23,24
3223,6,22,27
3224,6,13,10
3225,6,0,22
3226,6,15,19
3227,6,17,28
3228,6,16,22
3229,6,1,24
3230,6,17,27
3231,6,7,17
3232,6,17,24
3233,6,7,24
3234,6,5,10
3235,6,1,28
3236,6,17,23
3237,6,15,15
3238,6,22,28
3239,6,17,24
3240,6,18,17
3241,6,16,27
3242,6,3,23
3243,6,11,10
3244,6,18,24
3245,6,9,26
3246,6,3,1
3247,6,16,27
3248,6,22,22
3249,6,13,28
3250,6,0,22
3251,6,17,1
3252,6,5,10
3253,6,20,17
3254,6,8,26
3255,6,12,15
3256,6,1,22
3257,6,22,26
3258,6,16,1
3259,6,16,17
3260,6,10,24
3261,6,5,10
3262,6,21,10
3263,6,10,10
3264,6,1,23
3265,6,1,24
3266,6,20,24
3267,6,16,10
3268,6,8,10
3269,6,17,28
3270,6,17,26
3271,6,22,23
3272,6,16,24
3273,6,4,28
3274,6,16,15
3275,6,17,26
3276,6,17,24
3277,6,21,22
3278,6,21,22
3279,6,6,10
3280,6,15,10
3281,6,14,10
3282,6,1,26
3283,6,17,23
3284,6,21,23
3285,6,12,25
3286,6,20,10
3287,6,8,10
3288,6,14,24
3289,6,14,24
3290,6,19,24
3291,6,15,27
3292,6,20,17
3293,6,16,27
3294,6,16,17
3295,6,15,27
3296,6,0,24
3297,6,5,10
3298,6,4,10
3299,6,16,24
3300,6,5,10
3301,6,3,24
3302,6,16,25
3303,6,17,25
3304,6,11,2
3305,6,10,10
3306,6,7,10
3307,6,18,27
3308,6,13,24
3309,6,14,24
3310,6,21,23
3311,6,19,10
3312,6,5,10
3313,6,8,24
3314,6,5,28
3315,6,16,26
3316,6,12,26
3317,6,23,1
3318,6,3,28
3319,6,1,23
3320,6,0,10
3321,6,16,27
3322,6,0,22
3323,6,16,25
3324,6,14,27
3325,6,3,24
3326,6,12,17
3327,6,4,26
3328,6,0,23
3329,6,19,1
3330,6,16,24
3331,6,16,22
3332,6,15,10
3333,6,5,10
3334,6,18,10
3335,6,16,25
3336,6,15,26
3337,6,18,25
3338,6,16,2
3339,6,22,28
3340,6,7,17
3341,6,14,26
3342,6,22,24
3343,6,4,25
3344,6,4,28
3345,6,23,25
3346,6,18,10
3347,6,19,24
3348,6,15,15
3349,6,14,24
3350,6,2,26
3351,6,14,24
3352,6,23,24
3353,6,18,10
3354,6,18,10
3355,6,22,24
3356,6,9,29
3357,6,4,24
3358,6,17,15
3359,6,15,28
3360,6,6,23
3361,6,12,15
3362,6,15,1
3363,6,2,1
3364,6,17,10
3365,6,1,10
3366,6,3,17
3367,6,20,20
3368,6,7,25
3369,6,18,26
3370,6,21,24
3371,6,23,10
3372,6,20,23
3373,6,22,24
3374,6,14,28
3375,6,21,10
3376,6,23,10
3377,6,17,23
3378,6,3,17
3379,6,18,1
3380,6,16,1
3381,6,17,1
3382,6,19,10
3383,6,20,26
3384,6,18,24
3385,6,19,26
3386,6,21,28
3387,6,5,10
3388,6,13,24
3389,6,21,25
3390,6,19,23
3391,6,18,23
3392,6,19,15
3393,6,14,1
3394,6,6,24
3395,6,14,24
3396,6,3,17
3397,6,18,15
3398,6,5,25
3399,6,3,24
3400,6,4,25
3401,6,21,22
3402,6,16,23
3403,6,13,24
3404,6,3,17
3405,6,6,24
3406,6,15,24
3407,6,22,15
3408,6,3,26
3409,6,4,10
3410,6,16,22
3411,6,18,22
3412,6,13,26
3413,6,16,20
3414,6,17,25
3415,6,19,22
3416,6,3,24
3417,6,16,22
3418,6,17,17
3419,6,17,17
3420,6,20,24
3421,6,15,10
3422,6,19,10
3423,6,17,24
3424,6,19,24
3425,6,16,24
3426,6,1,22
3427,6,9,24
3428,6,17,23
3429,6,13,26
3430,6,13,26
3431,6,14,1
3432,6,14,24
3433,6,16,28
3434,6,0,22
3435,6,17,10
3436,6,17,10
3437,6,20,10
3438,6,19,25
3439,6,13,23
3440,6,21,10
3441,6,23,22
3442,6,17,24
3443,6,16,24
3444,6,21,22
3445,6,5,25
3446,6,16,2
3447,6,19,22
3448,6,0,26
3449,6,23,24
3450,6,17,15
3451,6,15,28
3452,6,18,24
3453,6,18,1
3454,6,18,1
3455,6,17,1
3456,6,12,24
3457,6,16,27
3458,6,16,27
3459,6,13,25
3460,6,20,24
3461,6,18,26
3462,6,13,25
3463,6,16,24
3464,6,23,26
3465,6,14,24
3466,6,15,27
3467,6,17,25
3468,6,17,23
3469,6,14,27
3470,6,22,23
3471,6,23,23
3472,6,13,24
3473,6,17,24
3474,6,22,25
3475,6,1,23
3476,6,15,26
3477,6,15,27
3478,6,14,26
3479,6,18,26
3480,6,14,27
3481,6,22,28
3482,6,14,24
3483,6,15,10
3484,6,2,26
3485,6,16,27
3486,6,12,24
3487,6,12,24
3488,6,14,24
3489,6,15,10
3490,6,15,10
3491,6,22,28
3492,6,21,22
3493,6,20,22
3494,6,18,24
3495,6,5,22
3496,6,0,24
3497,6,22,22
3498,6,18,2
3499,6,23,24
3500,6,20,26
3501,6,22,24
3502,6,23,26
3503,6,16,24
3504,6,22,23
3505,6,15,26
3506,6,15,24
3507,6,20,24
3508,6,11,23
3509,6,0,23
3510,6,17,23
3511,6,18,23
3512,6,16,23
3513,6,14,28
3514,6,18,1
3515,6,5,10
3516,6,6,10
3517,6,15,27
3518,6,14,19
3519,6,15,19
3520,6,13,19
3521,6,4,28
3522,6,18,24
3523,6,18,28
3524,6,4,24
3525,6,16,27
3526,6,20,24
3527,6,21,26
3528,6,14,28
3529,6,20,27
3530,6,19,22
3531,6,18,23
3532,6,17,10
3533,6,5,10
3534,6,0,10
3535,6,16,28
3536,6,10,23
3537,6,14,10
3538,6,17,26
3539,6,13,10
3540,6,2,24
3541,6,0,10
3542,6,3,23
3543,6,18,24
3544,6,4,10
3545,6,23,10
3546,6,13,24
3547,6,18,1
3548,6,20,25
3549,6,21,24
3550,6,19,24
3551,6,15,23
3552,6,5,10
3553,6,17,10
3554,6,5,10
3555,6,1,26
3556,6,15,25
3557,6,3,24
3558,6,3,27
3559,6,14,24
3560,6,22,25
3561,6,22,24
3562,6,18,24
3563,6,10,24
3564,6,11,24
3565,6,4,10
3566,6,2,24
3567,6,6,17
3568,6,21,26
3569,6,9,24
3570,6,14,24
3571,6,16,25
3572,6,8,10
3573,6,2,23
3574,6,18,23
3575,6,20,22
3576,6,15,25
3577,6,16,17
3578,6,2,17
3579,6,17,17
3580,6,15,10
3581,6,23,24
3582,6,21,23
3583,6,14,10
3584,6,13,23
3585,6,15,10
3586,6,16,10
3587,6,11,10
3588,6,19,27
3589,6,0,25
3590,6,16,10
3591,6,5,10
3592,6,8,10
3593,6,14,10
3594,6,4,10
3595,6,3,26
3596,6,1,26
3597,6,17,10
3598,6,7,10
3599,6,21,15
3600,6,4,26
3601,6,16,27
3602,6,18,17
3603,6,14,28
3604,6,14,24
3605,6,2,25
3606,6,8,10
3607,6,11,10
3608,6,16,25
3609,6,4,10
3610,6,17,24
3611,6,15,24
3612,6,21,1
3613,6,21,24
3614,6,9,10
3615,6,4,17
3616,6,16,25
3617,6,22,22
3618,6,13,24
3619,6,15,25
3620,6,20,10
3621,6,17,24
3622,6,5,10
3623,6,13,24
3624,6,19,22
3625,6,3,24
3626,6,14,25
3627,6,13,24
3628,6,15,10
3629,6,3,28
3630,6,20,23
3631,6,2,22
3632,6,7,24
3633,6,21,24
3634,6,1,17
3635,6,12,25
3636,6,17,22
3637,6,2,22
3638,6,4,22
3639,6,22,15
3640,6,1,23
3641,6,16,1
3642,6,21,1
3643,6,20,26
3644,6,2,28
3645,6,17,28
3646,6,20,26
3647,6,21,1
3648,6,1,24
3649,6,16,23
3650,6,21,25
3651,6,0,17
3652,6,18,26
3653,6,19,26
3654,6,22,28
3655,6,19,23
3656,6,19,23
3657,6,1,17
3658,6,14,24
3659,6,22,10
3660,6,15,10
3661,6,5,10
3662,6,13,26
3663,6,14,20
3664,6,2,20
3665,6,7,22
3666,6,18,26
3667,6,16,25
3668,6,13,15
3669,6,4,24
3670,6,9,24
3671,6,14,26
3672,6,10,24
3673,6,4,24
3674,6,0,17
3675,6,15,22
3676,6,23,20
3677,6,17,24
3678,6,1,25
3679,6,16,1
3680,6,20,25
3681,6,18,10
3682,6,14,26
3683,6,20,1
3684,6,2,22
3685,6,21,26
3686,6,18,17
3687,6,21,23
3688,6,4,20
3689,6,9,23
3690,6,17,1
3691,6,3,26
3692,6,4,25
3693,6,14,24
3694,6,15,10
3695,6,19,25
3696,6,3,25
3697,6,16,25
3698,6,5,10
3699,6,15,24
3700,6,17,28
3701,6,14,24
3702,6,16,24
3703,6,8,10
3704,6,5,17
3705,6,21,24
3706,6,18,24
3707,6,17,24
3708,6,15,26
3709,6,23,24
3710,6,18,24
3711,6,2,17
3712,6,3,1
3713,6,16,26
3714,6,5,10
3715,6,11,26
3716,6,0,22
3717,6,5,24
3718,6,6,24
3719,6,17,24
3720,6,12,17
3721,6,0,28
3722,6,19,22
3723,6,14,15
3724,6,4,25
3725,6,4,10
3726,6,16,24
3727,6,3,17
3728,6,21,17
3729,6,15,24
3730,6,8,24
3731,6,13,24
3732,6,14,26
3733,6,15,24
3734,6,1,23
3735,6,13,24
3736,6,21,25
3737,6,7,17
3738,6,14,10
3739,6,19,25
3740,6,15,22
3741,6,15,25
3742,6,2,25
3743,6,16,23
3744,6,18,10
3745,6,23,24
3746,6,15,24
3747,6,16,24
3748,6,16,28
3749,6,13,24
3750,6,11,24
3751,6,1,15
3752,6,21,23
3753,6,17,26
3754,6,18,24
3755,6,17,24
3756,6,16,24
3757,6,0,17
3758,6,0,17
3759,6,14,17
3760,6,14,17
3761,6,17,23
3762,6,0,23
3763,6,16,17
3764,6,11,10
3765,6,16,22
3766,6,16,26
3767,6,12,28
3768,6,16,24
3769,6,22,24
3770,6,23,10
3771,6,23,10
3772,6,3,24
3773,6,16,10
3774,6,15,10
3775,6,18,22
3776,6,17,24
3777,6,20,25
3778,6,18,23
3779,6,16,27
3780,6,14,17
3781,6,16,22
3782,6,6,22
3783,6,17,23
3784,6,3,26
3785,6,20,17
3786,6,5,24
3787,6,2,24
3788,6,13,24
3789,6,15,10
3790,6,16,25
3791,6,0,1
3792,6,21,20
3793,6,8,20
3794,6,18,24
3795,6,14,24
3796,6,20,23
3797,6,22,23
3798,6,15,24
3799,6,15,24
3800,6,20,24
3801,6,17,23
3802,6,20,10
3803,6,7,22
3804,6,14,27
3805,6,15,22
3806,6,15,27
3807,6,14,24
3808,6,14,24
3809,6,17,24
3810,6,15,17
3811,6,14,28
3812,6,14,25
3813,6,15,27
3814,6,8,10
3815,6,19,22
3816,6,21,24
3817,6,21,24
3818,6,18,24
3819,6,2,28
3820,6,17,28
3821,6,1,24
3822,6,2,24
3823,6,14,19
3824,6,10,23
3825,6,19,22
3826,6,17,25
3827,6,4,24
3828,6,15,25
3829,6,15,27
3830,6,13,24
3831,6,1,25
3832,6,1,1
3833,6,15,22
3834,6,13,25
3835,6,16,25
3836,6,9,23
3837,6,17,22
3838,6,17,17
3839,6,17,17
3840,6,7,17
3841,6,3,17
3842,6,23,26
3843,6,1,24
3844,6,8,10
3845,6,20,23
3846,6,4,23
3847,6,17,28
3848,6,11,25
3849,6,16,24
3850,6,2,24
3851,6,18,27
3852,6,2,22
3853,6,8,10
3854,6,9,10
3855,6,23,24
3856,6,14,27
3857,6,21,23
3858,6,15,26
3859,6,14,23
3860,6,1,22
3861,6,21,10
3862,6,21,23
3863,6,14,24
3864,6,16,25
3865,6,20,17
3866,6,10,24
3867,6,19,26
3868,6,19,1
3869,6,22,24
3870,6,18,10
3871,6,23,25
3872,6,22,23
3873,6,21,25
3874,6,17,25
3875,6,17,23
3876,6,4,22
3877,6,18,22
3878,6,23,26
3879,6,23,26
3880,6,20,28
3881,6,19,22
3882,6,1,23
3883,6,16,23
3884,6,16,26
3885,6,19,23
3886,6,6,27
3887,6,15,15
3888,6,22,27
3889,6,15,27
3890,6,14,27
3891,6,16,22
3892,6,22,22
3893,6,1,25
3894,6,19,2
3895,6,17,26
3896,6,18,25
3897,6,21,22
3898,6,0,22
3899,6,16,23
3900,6,0,23
3901,6,10,24
3902,6,23,25
3903,6,12,25
3904,6,15,27
3905,6,22,27
3906,6,21,15
3907,6,11,23
3908,6,14,27
3909,6,15,27
3910,6,17,17
3911,6,15,25
3912,6,14,27
3913,6,20,24
3914,6,16,24
3915,6,21,24
3916,6,17,25
3917,6,1,22
3918,6,19,24
3919,6,20,26
3920,6,6,24
3921,6,20,17
3922,6,5,10
3923,6,22,15
3924,6,6,10
3925,6,20,23
3926,6,16,24
3927,6,22,24
3928,6,18,20
3929,6,17,23
3930,6,20,24
3931,6,19,24
3932,6,1,24
3933,7,0,17
3934,7,15,24
3935,7,9,10
3936,7,14,10
3937,7,9,10
3938,7,13,24
3939,7,13,24
3940,7,13,24
3941,7,7,22
3942,7,14,24
3943,7,19,24
3944,7,15,22
3945,7,15,22
3946,7,6,24
3947,7,23,24
3948,7,16,27
3949,7,19,26
3950,7,18,26
3951,7,19,28
3952,7,20,22
3953,7,10,2
3954,7,15,27
3955,7,20,24
3956,7,21,28
3957,7,0,10
3958,7,18,26
3959,7,12,17
3960,7,16,24
3961,7,11,25
3962,7,20,24
3963,7,13,22
3964,7,18,1
3965,7,10,1
3966,7,15,24
3967,7,8,1
3968,7,16,24
3969,7,16,26
3970,7,18,23
3971,7,19,24
3972,7,21,1
3973,7,17,24
3974,7,15,24
3975,7,22,24
3976,7,6,23
3977,7,17,23
3978,7,11,24
3979,7,15,24
3980,7,19,24
3981,7,19,1
3982,7,9,1
3983,7,22,15
3984,7,22,17
3985,7,23,22
3986,7,17,24
3987,7,13,10
3988,7,15,24
3989,7,13,20
3990,7,15,25
3991,7,7,22
3992,7,13,28
3993,7,18,1
3994,7,7,24
3995,7,18,24
3996,7,18,23
3997,7,23,26
3998,7,14,1
3999,7,14,1
4000,7,14,28
4001,7,3,1
4002,7,2,23
4003,7,17,24
4004,7,17,23
4005,7,14,27
4006,7,19,24
4007,7,13,24
4008,7,3,24
4009,7,1,28
4010,7,2,24
4011,7,14,10
4012,7,17,10
4013,7,18,26
4014,7,3,23
4015,7,21,23
4016,7,18,10
4017,7,6,22
4018,7,14,24
4019,7,2,22
4020,7,14,20
4021,7,18,20
4022,7,16,26
4023,7,13,10
4024,7,19,15
4025,7,7,26
4026,7,17,24
4027,7,17,24
4028,7,18,24
4029,7,16,24
4030,7,17,24
4031,7,19,24
4032,7,10,24
4033,7,19,26
4034,7,22,17
4035,7,12,25
4036,7,19,22
4037,7,17,26
4038,7,5,10
4039,7,3,17
4040,7,21,1
4041,7,20,1
4042,7,23,25
4043,7,16,25
4044,7,4,10
4045,7,9,10
4046,7,13,24
4047,7,22,26
4048,7,5,10
4049,7,6,24
4050,7,15,23
4051,7,16,24
4052,7,17,10
4053,7,16,24
4054,7,11,28
4055,7,0,24
4056,7,15,26
4057,7,0,24
4058,7,0,24
4059,7,5,10
4060,7,5,10
4061,7,14,25
4062,7,12,10
4063,7,0,24
4064,7,18,23
4065,7,16,24
4066,7,21,24
4067,7,0,23
4068,7,20,23
4069,7,14,27
4070,7,17,25
4071,7,20,25
4072,7,15,10
4073,7,18,19
4074,7,6,24
4075,7,16,28
4076,7,0,24
4077,7,7,24
4078,7,16,10
4079,7,11,26
4080,7,15,24
4081,7,12,25
4082,7,3,28
4083,7,8,24
4084,7,20,24
4085,7,18,20
4086,7,18,24
4087,7,15,10
4088,7,18,24
4089,7,20,1
4090,7,14,25
4091,7,13,24
4092,7,2,22
4093,7,13,24
4094,7,13,24
4095,7,22,26
4096,7,22,24
4097,7,14,24
4098,7,20,28
4099,7,14,24
4100,7,17,10
4101,7,5,10
4102,7,19,24
4103,7,18,25
4104,7,20,1
4105,7,14,1
4106,7,21,24
4107,7,19,22
4108,7,16,24
4109,7,21,23
4110,7,12,10
4111,7,19,24
4112,7,10,26
4113,7,2,1
4114,7,4,17
4115,7,3,17
4116,7,18,26
4117,7,13,15
4118,7,0,10
4119,7,8,10
4120,7,7,22
4121,7,5,10
4122,7,20,22
4123,7,17,23
4124,7,16,23
4125,7,17,1
4126,7,17,1
4127,7,23,22
4128,7,8,28
4129,7,5,10
4130,7,5,10
4131,7,13,24
4132,7,18,25
4133,7,0,26
4134,7,1,17
4135,7,20,1
4136,7,19,1
4137,7,19,1
4138,7,19,28
4139,7,0,22
4140,7,5,10
4141,7,21,22
4142,7,18,25
4143,7,19,25
4144,7,20,17
4145,7,7,22
4146,7,20,24
4147,7,13,10
4148,7,10,24
4149,7,9,24
4150,7,18,24
4151,7,3,26
4152,7,4,26
4153,7,15,26
4154,7,22,26
4155,7,19,25
4156,7,18,25
4157,7,5,10
4158,7,16,10
4159,7,15,27
4160,7,18,23
4161,7,0,17
4162,7,18,20
4163,7,18,23
4164,7,2,28
4165,7,23,24
4166,7,13,2
4167,7,19,22
4168,7,7,28
4169,7,11,10
4170,7,23,23
4171,7,15,24
4172,7,20,24
4173,7,1,10
4174,7,15,10
4175,7,17,1
4176,7,13,24
4177,7,17,25
4178,7,13,15
4179,7,18,15
4180,7,20,24
4181,7,13,1
4182,7,20,28
4183,7,15,24
4184,7,21,23
4185,7,16,25
4186,7,20,28
4187,7,17,26
4188,7,17,1
4189,7,18,1
4190,7,17,1
4191,7,17,1
4192,7,18,1
4193,7,18,1
4194,7,18,1
4195,7,17,1
4196,7,18,1
4197,7,17,1
4198,7,18,1
4199,7,18,1
4200,7,18,1
4201,7,17,23
4202,7,15,27
4203,7,22,27
4204,7,14,24
4205,7,16,27
4206,7,14,27
4207,7,0,28
4208,7,16,22
4209,7,17,23
4210,7,14,27
4211,7,20,26
4212,7,16,28
4213,7,22,27
4214,7,12,26
4215,7,16,26
4216,7,15,27
4217,7,17,23
4218,7,15,24
4219,7,22,26
4220,7,12,22
4221,7,11,24
4222,7,17,26
4223,7,16,26
4224,7,18,26
4225,7,18,1
4226,7,15,26
4227,7,14,23
4228,7,15,27
4229,7,15,28
4230,7,11,24
4231,7,12,27
4232,7,23,10
4233,7,17,26
4234,7,18,24
4235,7,20,22
4236,7,23,24
4237,7,22,28
4238,7,16,2
4239,7,11,28
4240,7,22,26
4241,7,5,26
4242,7,0,24
4243,7,15,24
4244,7,23,26
4245,7,19,28
4246,7,14,28
4247,7,21,26
4248,7,1,24
4249,7,6,23
4250,7,17,23
4251,7,20,24
4252,7,1,2
4253,7,1,26
4254,7,16,24
4255,7,7,15
4256,7,14,28
4257,7,23,27
4258,7,23,23
4259,7,22,22
4260,7,17,23
4261,7,5,10
4262,7,22,22
4263,7,2,20
4264,7,13,17
4265,7,7,17
4266,7,21,23
4267,7,14,17
4268,7,20,28
4269,7,17,22
4270,7,13,25
4271,7,22,1
4272,7,20,24
4273,7,16,17
4274,7,17,25
4275,7,17,10
4276,7,5,10
4277,7,12,24
4278,7,4,25
4279,7,23,23
4280,7,15,10
4281,7,19,24
4282,7,18,25
4283,7,17,10
4284,7,2,24
4285,7,7,24
4286,7,18,24
4287,7,6,24
4288,7,16,10
4289,7,1,24
4290,7,7,24
4291,7,3,1
4292,7,5,10
4293,7,2,10
4294,7,17,10
4295,7,13,10
4296,7,18,10
4297,7,8,10
4298,7,16,23
4299,7,5,10
4300,7,5,10
4301,7,15,10
4302,7,8,10
4303,7,1,17
4304,7,13,24
4305,7,1,24
4306,7,17,24
4307,7,18,24
4308,7,18,26
4309,7,2,22
4310,7,15,24
4311,7,6,24
4312,7,13,24
4313,7,8,10
4314,7,0,10
4315,7,17,1
4316,7,10,22
4317,7,5,25
4318,7,16,27
4319,7,12,24
4320,7,15,10
4321,7,18,24
4322,7,9,2
4323,7,14,24
4324,7,18,23
4325,7,18,10
4326,7,16,10
4327,7,19,24
4328,7,20,25
4329,7,1,15
4330,7,19,25
4331,7,21,24
4332,7,5,10
4333,7,16,24
4334,7,19,24
4335,7,7,1
4336,7,5,10
4337,7,0,24
4338,7,12,24
4339,7,10,25
4340,7,8,24
4341,7,15,28
4342,7,4,26
4343,7,8,25
4344,7,0,28
4345,7,1,24
4346,7,19,24
4347,7,5,10
4348,7,17,10
4349,7,14,10
4350,7,5,10
4351,7,17,24
4352,7,16,10
4353,7,21,24
4354,7,18,23
4355,7,4,23
4356,7,21,27
4357,7,2,20
4358,7,6,24
4359,7,16,20
4360,7,19,22
4361,7,18,24
4362,7,17,26
4363,7,17,10
4364,7,7,24
4365,7,18,24
4366,7,14,24
4367,7,14,22
4368,7,21,20
4369,7,21,23
4370,7,8,22
4371,7,5,23
4372,7,12,22
4373,7,20,26
4374,7,17,23
4375,7,22,23
4376,7,20,23
4377,7,3,24
4378,7,22,24
4379,7,20,22
4380,7,15,22
4381,7,16,24
4382,7,4,26
4383,7,13,15
4384,7,17,26
4385,7,16,10
4386,7,22,26
4387,7,16,15
4388,7,5,10
4389,7,17,10
4390,7,15,10
4391,7,11,24
4392,7,7,22
4393,7,14,25
4394,7,18,22
4395,7,5,23
4396,7,12,24
4397,7,20,10
4398,7,16,25
4399,7,20,26
4400,7,16,25
4401,7,15,24
4402,7,14,26
4403,7,20,20
4404,7,14,24
4405,7,15,1
4406,7,20,26
4407,7,15,24
4408,7,14,23
4409,7,2,17
4410,7,17,10
4411,7,0,28
4412,7,18,22
4413,7,19,23
4414,7,0,22
4415,7,21,25
4416,7,6,23
4417,7,3,24
4418,7,16,20
4419,7,13,20
4420,7,8,26
4421,7,12,26
4422,7,18,10
4423,7,9,17
4424,7,17,22
4425,7,21,25
4426,7,22,24
4427,7,14,26
4428,7,14,26
4429,7,23,24
4430,7,15,24
4431,7,2,24
4432,7,19,23
4433,7,0,2
4434,7,19,28
4435,7,21,24
4436,7,13,22
4437,7,21,22
4438,7,22,17
4439,7,18,23
4440,7,18,24
4441,7,9,10
4442,7,16,10
4443,7,22,25
4444,7,23,26
4445,7,7,22
4446,7,12,25
4447,7,8,26
4448,7,14,25
4449,7,5,17
4450,7,17,22
4451,7,12,10
4452,7,17,23
4453,7,16,1
4454,7,6,23
4455,7,18,10
4456,7,0,10
4457,7,7,26
4458,7,14,24
4459,7,8,10
4460,7,3,26
4461,7,4,24
4462,7,16,25
4463,7,14,24
4464,7,15,24
4465,7,5,10
4466,7,0,28
4467,7,13,1
4468,7,17,24
4469,7,14,10
4470,7,14,24
4471,7,17,10
4472,7,1,25
4473,7,15,27
4474,7,14,25
4475,7,21,24
4476,7,1,28
4477,7,14,10
4478,7,9,17
4479,7,21,24
4480,7,15,24
4481,7,16,24
4482,7,23,26
4483,7,14,20
4484,7,18,22
4485,7,16,25
4486,7,18,24
4487,7,5,17
4488,7,17,1
4489,7,5,17
4490,7,5,10
4491,7,17,24
4492,7,21,24
4493,7,23,24
4494,7,11,15
4495,7,21,22
4496,7,14,24
4497,7,3,24
4498,7,19,24
4499,7,16,26
4500,7,23,26
4501,7,5,10
4502,7,16,10
4503,7,3,28
4504,7,17,23
4505,7,16,2
4506,7,15,27
4507,7,17,26
4508,7,11,17
4509,7,16,26
4510,7,13,1
4511,7,6,23
4512,7,16,27
4513,7,7,22
4514,7,19,10
4515,7,6,23
4516,7,15,27
4517,7,16,27
4518,7,16,10
4519,7,7,22
4520,7,17,24
4521,7,23,22
4522,7,12,19
4523,7,14,23
4524,7,1,23
4525,7,17,24
4526,7,22,1
4527,7,16,2
4528,7,19,28
4529,7,15,27
4530,7,6,22
4531,7,0,15
4532,7,17,2
4533,7,22,24
4534,7,22,24
4535,7,17,23
4536,7,7,24
4537,7,2,24
4538,7,3,24
4539,7,1,24
4540,7,18,23
4541,7,18,23
4542,7,23,26
4543,7,17,10
4544,7,22,26
4545,7,10,28
4546,7,16,27
4547,7,15,24
4548,7,16,24
4549,7,15,10
4550,7,11,15
4551,7,17,23
4552,7,21,24
4553,7,17,1
4554,7,22,17
4555,7,4,17
4556,7,13,2
4557,7,16,10
4558,7,5,10
4559,7,8,26
4560,7,2,24
4561,7,23,19
4562,7,20,22
4563,7,15,26
4564,7,3,10
4565,7,16,10
4566,7,17,10
4567,7,23,17
4568,7,18,24
4569,7,13,25
4570,7,14,27
4571,7,23,22
4572,7,14,23
4573,7,16,27
4574,7,21,10
4575,7,20,1
4576,7,8,22
4577,7,14,24
4578,7,13,15
4579,7,14,27
4580,7,22,26
4581,7,8,24
4582,7,15,2
4583,7,19,24
4584,7,13,24
4585,7,17,25
4586,7,14,28
4587,7,19,26
4588,7,7,22
4589,7,17,22
4590,7,15,24
4591,7,16,27
4592,7,6,24
4593,7,17,28
4594,7,13,27
4595,7,14,27
4596,7,17,28
4597,7,20,28
4598,7,16,27
4599,7,17,28
4600,7,15,17
4601,7,15,27
4602,7,11,22
4603,7,19,23
4604,7,16,28
4605,7,8,22
4606,7,20,25
4607,7,13,27
4608,7,14,24
4609,7,21,27
4610,7,19,25
4611,7,19,28
4612,7,17,25
4613,7,15,27
4614,7,16,27
4615,7,15,27
4616,7,16,27
4617,7,11,24
4618,7,3,22
4619,7,11,24
4620,7,10,24
4621,7,10,24
4622,7,14,24
4623,7,5,10
4624,7,20,24
4625,7,9,1
4626,7,0,23
4627,7,23,28
4628,7,22,24
4629,7,17,24
4630,8,11,25
4631,8,19,10
4632,8,11,1
4633,8,15,10
4634,8,18,28
4635,8,22,23
4636,8,18,24
4637,8,13,27
4638,8,1,24
4639,8,17,24
4640,8,23,1
4641,8,15,24
4642,8,20,20
4643,8,8,26
4644,8,8,26
4645,8,14,15
4646,8,13,24
4647,8,19,28
4648,8,20,24
4649,8,23,23
4650,8,18,24
4651,8,16,24
4652,8,20,24
4653,8,7,24
4654,8,13,20
4655,8,17,25
4656,8,0,24
4657,8,12,15
4658,8,0,23
4659,8,17,22
4660,8,17,24
4661,8,19,26
4662,8,10,25
4663,8,6,1
4664,8,15,24
4665,8,17,28
4666,8,6,17
4667,8,10,23
4668,8,12,15
4669,8,16,26
4670,8,13,15
4671,8,15,23
4672,8,6,10
4673,8,16,10
4674,8,9,10
4675,8,14,10
4676,8,4,10
4677,8,14,24
4678,8,22,27
4679,8,17,24
4680,8,16,23
4681,8,13,24
4682,8,15,24
4683,8,18,24
4684,8,16,10
4685,8,16,10
4686,8,12,10
4687,8,8,10
4688,8,23,17
4689,8,21,24
4690,8,7,24
4691,8,15,19
4692,8,12,25
4693,8,11,24
4694,8,3,26
4695,8,19,23
4696,8,9,24
4697,8,17,23
4698,8,23,23
4699,8,14,1
4700,8,17,28
4701,8,20,15
4702,8,22,10
4703,8,15,10
4704,8,0,20
4705,8,0,26
4706,8,15,10
4707,8,8,25
4708,8,23,24
4709,8,14,24
4710,8,21,23
4711,8,21,26
4712,8,7,24
4713,8,22,19
4714,8,19,24
4715,8,22,24
4716,8,0,26
4717,8,16,22
4718,8,19,22
4719,8,2,25
4720,8,2,25
4721,8,13,1
4722,8,4,25
4723,8,15,27
4724,8,18,22
4725,8,17,23
4726,8,17,23
4727,8,17,1
4728,8,17,1
4729,8,13,23
4730,8,6,23
4731,8,16,27
4732,8,2,25
4733,8,2,22
4734,8,10,2
4735,8,18,23
4736,8,2,25
4737,8,4,2
4738,8,2,26
4739,8,20,1
4740,8,22,20
4741,8,22,10
4742,8,18,25
4743,8,21,23
4744,8,15,22
4745,8,21,24
4746,8,19,24
4747,8,19,24
4748,8,2,24
4749,8,12,25
4750,8,13,17
4751,8,22,1
4752,8,17,24
4753,8,18,24
4754,8,13,22
4755,8,13,24
4756,8,23,2
4757,8,15,25
4758,8,22,27
4759,8,13,27
4760,8,16,27
4761,8,13,28
4762,8,12,26
4763,8,22,25
4764,8,13,27
4765,8,17,26
4766,8,16,24
4767,8,17,28
4768,8,17,24
4769,8,22,22
4770,8,15,27
4771,8,18,24
4772,8,23,22
4773,8,15,28
4774,8,12,24
4775,8,23,10
4776,8,1,26
4777,8,21,22
4778,8,20,23
4779,8,15,24
4780,8,19,23
4781,8,19,23
4782,8,3,23
4783,8,17,10
4784,8,8,1
4785,8,14,28
4786,8,15,22
4787,8,13,28
4788,8,22,15
4789,8,5,22
4790,8,1,10
4791,8,17,24
4792,8,18,24
4793,8,13,24
4794,8,5,17
4795,8,16,10
4796,8,3,22
4797,8,8,25
4798,8,8,10
4799,8,1,24
4800,8,13,24
4801,8,3,24
4802,8,15,10
4803,8,14,25
4804,8,17,10
4805,8,0,24
4806,8,20,22
4807,8,11,24
4808,8,5,10
4809,8,5,10
4810,8,23,20
4811,8,9,28
4812,8,19,22
4813,8,23,24
4814,8,1,17
4815,8,22,22
4816,8,21,28
4817,8,12,24
4818,8,0,20
4819,8,18,28
4820,8,14,1
4821,8,14,24
4822,8,16,25
4823,8,15,27
4824,8,12,26
4825,8,15,24
4826,8,15,24
4827,8,15,26
4828,8,20,1
4829,8,15,2
4830,8,17,24
4831,8,20,17
4832,8,1,24
4833,8,8,1
4834,8,3,10
4835,8,20,23
4836,8,15,22
4837,8,16,24
4838,8,14,1
4839,8,18,24
4840,8,22,24
4841,8,17,23
4842,8,17,22
4843,8,18,26
4844,8,3,23
4845,8,12,28
4846,8,1,17
4847,8,23,22
4848,8,16,24
4849,8,15,17
4850,8,16,20
4851,8,16,1
4852,8,15,23
4853,8,14,25
4854,8,14,1
4855,8,17,20
4856,8,21,10
4857,8,4,24
4858,8,19,24
4859,8,15,10
4860,8,21,10
4861,8,16,26
4862,8,20,26
4863,8,1,17
4864,8,14,10
4865,8,23,25
4866,8,5,10
4867,8,21,22
4868,8,19,24
4869,8,19,1
4870,8,0,24
4871,8,0,22
4872,8,18,24
4873,8,5,10
4874,8,15,10
4875,8,3,26
4876,8,4,23
4877,8,3,17
4878,8,16,10
4879,8,12,24
4880,8,1,2
4881,8,12,10
4882,8,16,24
4883,8,0,10
4884,8,15,25
4885,8,4,10
4886,8,20,25
4887,8,18,17
4888,8,17,10
4889,8,6,10
4890,8,16,10
4891,8,5,23
4892,8,18,24
4893,8,21,25
4894,8,13,24
4895,8,18,23
4896,8,18,24
4897,8,14,24
4898,8,15,10
4899,8,18,29
4900,8,17,22
4901,8,17,23
4902,8,1,23
4903,8,18,23
4904,8,20,22
4905,8,13,22
4906,8,23,10
4907,8,20,24
4908,8,12,28
4909,8,8,28
4910,8,13,15
4911,8,18,26
4912,8,22,26
4913,8,4,1
4914,8,17,28
4915,8,2,26
4916,8,12,2
4917,8,11,24
4918,8,15,10
4919,8,3,25
4920,8,1,23
4921,8,19,24
4922,8,0,26
4923,8,17,23
4924,8,14,15
4925,8,3,24
4926,8,14,10
4927,8,22,24
4928,8,18,1
4929,8,20,1
4930,8,3,10
4931,8,7,22
4932,8,14,10
4933,8,15,27
4934,8,19,10
4935,8,15,24
4936,8,15,24
4937,8,6,22
4938,8,17,27
4939,8,9,28
4940,8,16,26
4941,8,18,23
4942,8,0,1
4943,8,22,1
4944,8,19,22
4945,8,17,24
4946,8,13,24
4947,8,7,22
4948,8,19,24
4949,8,6,24
4950,8,17,23
4951,8,16,23
4952,8,17,10
4953,8,21,10
4954,8,3,22
4955,8,7,24
4956,8,17,26
4957,8,16,26
4958,8,14,28
4959,8,16,10
4960,8,14,1
4961,8,0,23
4962,8,18,26
4963,8,2,22
4964,8,22,24
4965,8,15,26
4966,8,16,26
4967,8,22,22
4968,8,15,24
4969,8,2,1
4970,8,14,1
4971,8,16,27
4972,8,20,22
4973,8,16,27
4974,8,19,28
4975,8,20,23
4976,8,19,24
4977,8,12,24
4978,8,16,2
4979,8,21,28
4980,8,20,24
4981,8,14,27
4982,8,14,22
4983,8,10,17
4984,8,15,27
4985,8,17,24
4986,8,5,25
4987,9,18,20
4988,9,15,22
4989,9,13,24
4990,9,20,26
4991,9,14,25
4992,9,8,24
4993,9,18,17
4994,9,19,26
4995,9,12,24
4996,9,14,26
4997,9,13,29
4998,9,15,28
4999,9,17,23
5000,9,18,26
5001,9,14,1
5002,9,1,1
5003,9,1,1
5004,9,21,22
5005,9,14,28
5006,9,21,17
5007,9,1,28
5008,9,17,26
5009,9,23,24
5010,9,14,24
5011,9,22,17
5012,9,18,24
5013,9,14,15
5014,9,4,23
5015,9,14,22
5016,9,18,23
5017,9,19,22
5018,9,13,24
5019,9,16,24
5020,9,14,24
5021,9,7,24
5022,9,11,17
5023,9,5,10
5024,9,17,26
5025,9,15,10
5026,9,23,24
5027,9,10,22
5028,9,7,1
5029,9,20,25
5030,9,8,10
5031,9,15,10
5032,9,20,15
5033,9,21,25
5034,9,14,25
5035,9,16,10
5036,9,10,23
5037,9,18,15
5038,9,23,23
5039,9,23,28
5040,9,15,25
5041,9,5,10
5042,9,1,24
5043,9,17,23
5044,9,5,22
5045,9,11,24
5046,9,16,19
5047,9,22,24
5048,9,9,17
5049,9,16,10
5050,9,13,24
5051,9,7,24
5052,9,0,10
5053,9,4,10
5054,9,7,24
5055,9,23,26
5056,9,20,1
5057,9,20,1
5058,9,20,1
5059,9,18,1
5060,9,13,22
5061,9,4,17
5062,9,22,28
5063,9,11,24
5064,9,8,22
5065,9,1,26
5066,9,20,24
5067,9,15,19
5068,9,17,28
5069,9,18,10
5070,9,20,22
5071,9,17,24
5072,9,13,28
5073,9,23,24
5074,9,15,23
5075,9,19,24
5076,9,12,24
5077,9,2,17
5078,9,16,24
5079,9,13,27
5080,9,15,27
5081,9,20,26
5082,9,14,27
5083,9,15,24
5084,9,19,26
5085,9,0,25
5086,9,17,23
5087,9,22,22
5088,9,16,24
5089,9,19,23
5090,9,21,26
5091,9,0,26
5092,9,19,23
5093,9,1,22
5094,9,20,24
5095,9,15,26
5096,9,15,24
5097,9,16,24
5098,9,21,19
5099,9,9,17
5100,9,4,17
5101,9,13,10
5102,9,19,10
5103,9,19,24
5104,9,7,24
5105,9,17,10
5106,9,5,24
5107,9,15,24
5108,9,4,10
5109,9,18,23
5110,9,15,15
5111,9,3,17
5112,9,8,10
5113,9,23,26
5114,9,15,24
5115,9,18,24
5116,9,20,25
5117,9,22,10
5118,9,18,23
5119,9,21,1
5120,9,21,1
5121,9,4,10
5122,9,17,24
5123,9,19,24
5124,9,13,24
5125,9,1,25
5126,9,1,25
5127,9,16,22
5128,9,2,10
5129,9,17,27
5130,9,13,10
5131,9,16,26
5132,9,2,22
5133,9,2,24
5134,9,11,26
5135,9,16,24
5136,9,19,10
5137,9,1,22
5138,9,1,23
5139,9,0,26
5140,9,18,22
5141,9,20,28
5142,9,20,10
5143,9,14,24
5144,9,17,28
5145,9,18,23
5146,9,23,10
5147,9,14,10
5148,9,17,10
5149,9,15,25
5150,9,2,2
5151,9,15,25
5152,9,21,17
5153,9,16,23
5154,9,17,23
5155,9,5,24
5156,9,14,10
5157,9,17,24
5158,9,18,1
5159,9,20,10
5160,9,14,28
5161,9,21,26
5162,9,17,24
5163,9,18,26
5164,9,16,26
5165,9,14,26
5166,9,19,28
5167,9,20,25
5168,9,19,17
5169,9,2,23
5170,9,0,27
5171,9,10,25
5172,9,12,25
5173,9,9,10
5174,9,18,24
5175,9,19,10
5176,9,6,24
5177,9,16,15
5178,9,14,10
5179,9,16,10
5180,9,18,24
5181,9,18,1
5182,9,23,24
5183,9,18,24
5184,9,11,26
5185,9,20,23
5186,9,2,24
5187,9,23,28
5188,9,1,2
5189,9,17,28
5190,9,22,28
5191,9,20,24
5192,9,14,19
5193,9,17,28
5194,9,14,24
5195,9,16,24
5196,9,16,24
5197,9,5,10
5198,9,16,26
5199,9,14,23
5200,9,3,22
5201,9,17,10
5202,9,17,23
5203,9,16,23
5204,9,16,27
5205,9,23,23
5206,9,0,28
5207,9,3,28
5208,9,15,22
5209,9,14,24
5210,9,21,27
5211,9,17,28
5212,9,6,22
5213,9,12,27
5214,9,14,24
5215,9,0,19
5216,9,1,25
5217,9,19,24
5218,9,23,25
5219,9,20,22
5220,9,3,26
5221,9,16,28
5222,9,15,25
5223,9,2,15
5224,9,4,22
5225,9,23,22
5226,9,17,24
5227,9,17,28
5228,9,19,19
5229,9,3,22
5230,9,14,24
5231,9,14,27
5232,9,17,27
5233,9,18,15
5234,9,21,24
5235,9,22,17
5236,9,15,24
5237,10,14,10
5238,10,20,22
5239,10,16,23
5240,10,22,10
5241,10,22,26
5242,10,11,24
5243,10,18,17
5244,10,22,24
5245,10,9,22
5246,10,20,28
5247,10,18,24
5248,10,22,25
5249,10,1,24
5250,10,1,26
5251,10,15,26
5252,10,21,17
5253,10,16,28
5254,10,2,23
5255,10,21,22
5256,10,23,10
5257,10,19,10
5258,10,22,10
5259,10,18,23
5260,10,3,17
5261,10,12,24
5262,10,19,25
5263,10,15,10
5264,10,14,1
5265,10,0,22
5266,10,16,22
5267,10,21,24
5268,10,22,19
5269,10,14,25
5270,10,15,1
5271,10,17,10
5272,10,15,10
5273,10,16,22
5274,10,21,28
5275,10,18,26
5276,10,13,17
5277,10,16,24
5278,10,23,25
5279,10,1,26
5280,10,15,1
5281,10,21,25
5282,10,23,26
5283,10,22,26
5284,10,21,26
5285,10,22,24
5286,10,16,17
5287,10,23,26
5288,10,23,28
5289,10,13,1
5290,10,20,1
5291,10,14,23
5292,10,15,1
5293,10,4,28
5294,10,10,28
5295,10,19,1
5296,10,4,10
5297,10,13,10
5298,10,20,10
5299,10,20,23
5300,10,17,28
5301,10,5,23
5302,10,23,24
5303,10,22,23
5304,10,17,10
5305,10,14,23
5306,10,14,10
5307,10,0,26
5308,10,4,10
5309,10,6,17
5310,10,16,10
5311,10,12,24
5312,10,5,10
5313,10,15,24
5314,10,18,22
5315,10,4,10
5316,10,12,10
5317,10,9,22
5318,10,10,17
5319,10,0,23
5320,10,18,25
5321,10,22,26
5322,10,16,22
5323,10,13,17
5324,10,16,24
5325,10,4,17
5326,10,16,24
5327,10,15,23
5328,10,23,15
5329,10,14,24
5330,10,0,26
5331,10,11,27
5332,10,16,1
5333,10,14,27
5334,10,22,23
5335,10,12,24
5336,10,21,25
5337,10,21,17
5338,10,20,22
5339,10,5,10
5340,10,17,24
5341,10,18,10
5342,10,3,10
5343,10,21,22
5344,10,8,10
5345,10,18,26
5346,10,8,1
5347,10,17,23
5348,10,23,20
5349,10,13,1
5350,10,17,22
5351,10,22,23
5352,10,23,22
5353,10,1,17
5354,10,13,17
5355,10,12,10
5356,10,13,1
5357,10,19,26
5358,10,16,27
5359,10,15,2
5360,10,18,24
5361,10,4,24
5362,10,15,22
5363,10,14,24
5364,10,0,24
5365,10,20,22
5366,10,6,17
5367,10,4,10
5368,10,13,17
5369,10,14,28
5370,10,19,22
5371,10,23,23
5372,10,5,17
5373,10,14,24
5374,10,23,25
5375,10,23,2
5376,10,8,28
5377,10,18,22
5378,10,15,26
5379,10,16,27
5380,10,15,27
5381,10,15,27
5382,10,13,28
5383,10,19,28
5384,10,12,25
5385,10,13,25
5386,10,23,1
5387,10,20,28
5388,10,12,24
5389,10,12,25
5390,10,12,28
5391,10,9,10
5392,10,18,23
5393,10,12,17
5394,11,16,24
5395,11,3,24
5396,11,14,24
5397,11,18,24
5398,11,16,26
5399,11,14,24
5400,11,18,24
5401,11,16,19
5402,11,12,22
5403,11,1,24
5404,11,16,24
5405,11,4,10
5406,11,21,24
5407,11,7,24
5408,11,14,25
5409,11,9,1
5410,11,4,25
5411,11,8,22
5412,11,22,10
5413,11,4,10
5414,11,22,17
5415,11,18,10
5416,11,18,24
5417,11,13,24
5418,11,15,10
5419,11,0,10
5420,11,3,10
5421,11,16,24
5422,11,1,24
5423,11,14,28
5424,11,1,24
5425,11,5,24
5426,11,2,24
5427,11,16,10
5428,11,14,10
5429,11,11,24
5430,11,3,17
5431,11,17,27
5432,11,23,26
5433,11,21,17
5434,11,16,10
5435,11,13,1
5436,11,16,27
5437,11,8,26
5438,11,16,10
5439,11,13,19
5440,11,3,10
5441,11,4,22
5442,11,15,1
5443,11,22,17
5444,11,18,1
5445,11,15,26
5446,11,17,17
5447,11,15,22
5448,11,19,1
5449,11,17,26
5450,11,1,26
5451,11,16,26
5452,11,11,24
5453,11,18,26
5454,11,8,10
5455,11,18,26
5456,11,20,24
5457,11,1,23
5458,11,17,28
5459,11,22,10
5460,11,15,24
5461,11,16,2
5462,11,18,1
5463,11,13,25
5464,11,16,24
5465,11,21,24
5466,11,16,26
5467,11,22,28
5468,11,19,23
5469,11,18,22
5470,11,3,1
5471,11,18,20
5472,11,17,26
5473,11,2,23
5474,11,14,10
5475,11,14,24
5476,11,0,24
5477,11,15,26
5478,11,17,24
5479,11,21,22
5480,11,4,10
5481,11,22,26
5482,11,1,22
5483,11,16,10
5484,11,18,17
5485,11,17,26
5486,11,13,10
5487,11,11,10
5488,11,22,19
5489,11,15,24
5490,11,16,20
5491,11,16,10
5492,11,16,24
5493,11,16,28
5494,11,1,1
5495,11,19,22
5496,11,11,23
5497,11,19,22
5498,11,22,24
5499,11,16,23
5500,11,6,17
5501,11,17,10
5502,11,13,1
5503,11,20,28
5504,11,18,23
5505,11,0,26
5506,11,3,24
5507,11,14,28
5508,11,4,28
5509,11,18,1
5510,11,4,25
5511,11,17,28
5512,11,10,15
5513,11,9,15
5514,11,20,1
5515,11,20,26
5516,11,15,22
5517,11,16,25
5518,11,1,17
5519,11,3,17
5520,11,15,25
5521,11,15,23
5522,11,4,10
5523,11,1,25
5524,11,11,10
5525,11,14,24
5526,11,18,22
5527,11,0,28
5528,11,7,10
5529,11,21,24
5530,11,14,28
5531,11,8,10
5532,11,23,10
5533,11,8,26
5534,11,14,10
5535,11,2,22
5536,11,12,25
5537,11,17,24
5538,11,7,22
5539,11,16,1
5540,11,0,19
5541,11,19,22
5542,11,16,27
5543,11,21,17
5544,11,16,26
5545,11,11,24
5546,11,22,24
5547,11,21,2
5548,11,22,23
5549,11,5,10
5550,11,4,10
5551,11,19,1
5552,11,16,27
5553,11,9,25
5554,11,14,28
5555,11,9,10
5556,11,16,25
5557,11,11,23
5558,11,17,26
5559,11,14,27
5560,11,15,26
5561,11,23,23
5562,11,21,23
5563,11,15,10
5564,11,21,27
5565,11,17,23
5566,11,23,25
5567,11,15,27
5568,11,15,27
5569,11,20,24
5570,11,17,15
5571,11,4,23
5572,11,10,19
5573,11,1,43
5574,12,17,26
5575,12,18,24
5576,12,20,28
5577,12,19,1
5578,12,13,10
5579,12,14,25
5580,12,13,27
5581,12,19,24
5582,12,16,28
5583,12,14,25
5584,12,12,23
5585,12,17,1
5586,12,7,22
5587,12,18,24
5588,12,20,28
5589,12,17,24
5590,12,19,24
5591,12,19,22
5592,12,15,24
5593,12,4,10
5594,12,18,24
5595,12,15,27
5596,12,1,24
5597,12,3,22
5598,12,13,24
5599,12,4,10
5600,12,16,24
5601,12,22,24
5602,12,21,24
5603,12,14,10
5604,12,14,28
5605,12,21,24
5606,12,5,25
5607,12,16,10
5608,12,20,23
5609,12,23,17
5610,12,15,1
5611,12,8,24
5612,12,8,10
5613,12,5,17
5614,12,16,26
5615,12,5,10
5616,12,2,23
5617,12,23,22
5618,12,22,26
5619,12,17,10
5620,12,14,10
5621,12,18,20
5622,12,15,26
5623,12,14,23
5624,12,14,10
5625,12,16,23
5626,12,4,23
5627,12,22,26
5628,12,14,27
5629,12,15,24
5630,12,14,28
5631,12,13,27
5632,12,21,23
5633,12,12,1
5634,12,5,23
5635,12,21,26
5636,12,17,22
5637,12,15,24
5638,12,15,28
5639,12,0,24
5640,12,12,24
5641,12,22,15
5642,12,5,10
5643,12,15,24
5644,12,17,28
5645,12,12,28
5646,12,21,23
5647,12,15,28
5648,12,4,10
5649,12,4,23
5650,12,12,24
5651,12,10,23
5652,12,18,24
5653,12,10,10
5654,12,19,10
5655,12,4,10
5656,12,15,24
5657,12,5,10
5658,12,2,26
5659,12,23,10
5660,12,0,10
5661,12,2,1
5662,12,17,25
5663,12,6,22
5664,12,13,10
5665,12,15,10
5666,12,13,17
5667,12,21,24
5668,12,0,24
5669,12,4,28
5670,12,18,24
5671,12,15,24
5672,12,16,26
5673,12,17,26
5674,12,5,10
5675,12,5,10
5676,12,14,24
5677,12,7,22
5678,12,16,10
5679,12,13,25
5680,12,4,23
5681,12,22,26
5682,12,17,25
5683,12,15,25
5684,12,0,17
5685,12,16,23
5686,12,22,26
5687,12,5,24
5688,12,2,23
5689,12,21,17
5690,12,9,22
5691,12,12,28
5692,12,0,10
5693,12,0,27
5694,12,15,25
5695,12,20,24
5696,12,20,10
5697,12,16,24
5698,12,21,1
5699,12,11,25
5700,12,18,24
5701,12,23,26
5702,12,5,10
5703,12,3,24
5704,12,0,26
5705,12,7,22
5706,12,2,26
5707,12,22,10
5708,12,22,26
5709,12,15,27
5710,12,1,24
5711,12,14,24
5712,12,2,24
5713,12,22,22
5714,12,8,10
5715,12,12,24
5716,12,20,24
5717,12,21,15
5718,12,17,26
5719,12,18,26
5720,12,0,10
5721,12,20,10
5722,12,22,26
5723,12,12,15
5724,12,5,10
5725,12,23,20
5726,12,4,26
5727,12,3,10
5728,12,15,24
5729,12,22,24
5730,12,15,22
5731,12,19,25
5732,12,19,24
5733,12,22,23
5734,12,1,23
5735,12,12,10
5736,12,14,2
5737,12,0,23
5738,12,14,1
5739,12,20,22
5740,12,15,10
5741,13,23,24
5742,13,15,10
5743,13,1,24
5744,13,22,25
5745,13,17,23
5746,13,10,17
5747,13,23,17
5748,13,18,23
5749,13,19,10
5750,13,23,10
5751,13,18,28
5752,13,16,19
5753,13,14,24
5754,13,0,15
5755,13,15,27
5756,13,14,1
5757,13,14,1
5758,13,20,1
5759,13,15,24
5760,13,22,22
5761,13,22,27
5762,13,17,24
5763,13,18,22
5764,13,1,24
5765,13,23,17
5766,13,15,24
5767,13,9,10
5768,13,10,24
5769,13,5,10
5770,13,15,10
5771,13,18,23
5772,13,16,24
5773,13,20,24
5774,13,19,24
5775,13,16,24
5776,13,13,23
5777,13,18,10
5778,13,19,24
5779,13,6,24
5780,13,23,23
5781,13,1,26
5782,13,13,24
5783,13,17,26
5784,13,23,23
5785,13,16,10
5786,13,21,23
5787,13,19,25
5788,13,19,22
5789,13,16,23
5790,13,17,1
5791,13,2,26
5792,13,14,28
5793,13,17,25
5794,13,22,17
5795,13,16,24
5796,13,19,26
5797,13,20,10
5798,13,15,26
5799,13,17,17
5800,13,9,10
5801,13,17,23
5802,13,13,22
5803,13,13,10
5804,13,17,25
5805,13,16,22
5806,13,19,23
5807,13,16,24
5808,13,0,28
5809,13,22,28
5810,13,15,26
5811,13,14,26
5812,13,20,26
5813,13,12,27
5814,13,20,22
5815,13,19,1
5816,13,1,26
5817,13,15,24
5818,13,20,20
5819,13,19,22
5820,13,20,26
5821,13,12,24
5822,13,15,20
5823,13,15,1
5824,13,16,24
5825,13,20,1
5826,13,21,23
5827,13,1,24
5828,13,15,10
5829,13,5,24
5830,13,20,24
5831,13,20,10
5832,13,14,10
5833,13,5,10
5834,13,3,28
5835,13,13,10
5836,13,18,22
5837,13,18,24
5838,13,15,24
5839,13,15,1
5840,13,19,24
5841,13,17,10
5842,13,22,10
5843,13,8,24
5844,13,0,17
5845,13,13,24
5846,13,23,24
5847,13,11,10
5848,13,20,23
5849,13,21,1
5850,13,1,26
5851,13,6,23
5852,13,21,24
5853,13,18,26
5854,13,15,10
5855,13,15,28
5856,13,19,26
5857,13,12,24
5858,13,11,19
5859,13,1,17
5860,13,17,1
5861,13,15,1
5862,13,17,26
5863,13,13,26
5864,13,22,22
5865,13,14,24
5866,13,3,10
5867,13,17,23
5868,13,13,24
5869,13,17,28
5870,13,15,24
5871,13,23,26
5872,13,19,24
5873,13,0,1
5874,13,17,24
5875,13,16,24
5876,13,16,24
5877,13,2,28
5878,13,18,26
5879,13,3,1
5880,13,1,24
5881,13,11,24
5882,13,23,22
5883,13,18,20
5884,13,20,24
5885,13,5,10
5886,13,17,10
5887,13,12,22
5888,13,15,26
5889,13,21,22
5890,13,17,10
5891,13,12,24
5892,13,15,1
5893,13,15,15
5894,13,15,27
5895,13,15,28
5896,13,15,24
5897,13,5,24
5898,13,4,24
5899,13,19,26
5900,13,21,23
5901,13,21,24
5902,13,15,24
5903,13,22,22
5904,13,16,23
5905,13,15,27
5906,13,14,24
5907,13,16,28
5908,13,23,10
5909,13,17,27
5910,13,11,25
5911,13,12,25
5912,13,13,25
5913,13,16,28
5914,13,18,17
5915,13,3,26
5916,13,17,22
5917,13,17,23
5918,13,20,17
5919,14,22,24
5920,14,14,10
5921,14,9,28
5922,14,0,24
5923,14,19,27
5924,14,22,28
5925,14,20,28
5926,14,17,24
5927,14,6,17
5928,14,17,24
5929,14,18,1
5930,14,1,22
5931,14,17,23
5932,14,19,26
5933,14,9,23
5934,14,14,10
5935,14,21,24
5936,14,15,23
5937,14,9,10
5938,14,5,22
5939,14,14,15
5940,14,21,15
5941,14,2,10
5942,14,17,10
5943,14,9,10
5944,14,20,26
5945,14,21,24
5946,14,18,26
5947,14,21,17
5948,14,22,24
5949,14,16,24
5950,14,4,10
5951,14,18,10
5952,14,2,10
5953,14,11,15
5954,14,16,23
5955,14,17,1
5956,14,18,26
5957,14,21,24
5958,14,22,1
5959,14,21,17
5960,14,9,24
5961,14,17,26
5962,14,0,26
5963,14,18,20
5964,14,0,26
5965,14,21,17
5966,14,22,17
5967,14,21,23
5968,14,14,27
5969,14,17,24
5970,14,15,10
5971,14,18,26
5972,14,20,24
5973,14,5,28
5974,14,17,1
5975,14,18,1
5976,14,18,22
5977,14,20,26
5978,14,13,19
5979,14,0,23
5980,14,15,26
5981,14,22,26
5982,14,20,24
5983,14,2,22
5984,14,6,24
5985,14,21,24
5986,14,11,26
5987,14,19,26
5988,14,20,26
5989,14,18,1
5990,14,20,22
5991,14,4,10
5992,14,17,24
5993,14,19,24
5994,14,12,24
5995,14,15,22
5996,14,15,10
5997,14,4,10
5998,14,13,10
5999,14,11,23
6000,14,16,25
6001,14,20,26
6002,14,23,22
6003,14,21,26
6004,14,2,19
6005,14,17,10
6006,14,4,10
6007,14,14,24
6008,14,22,23
6009,14,21,27
6010,14,21,24
6011,14,15,19
6012,14,12,28
6013,14,23,26
6014,14,17,26
6015,14,0,26
6016,14,22,20
6017,14,0,25
6018,14,1,23
6019,14,0,26
6020,14,9,23
6021,14,18,26
6022,14,13,24
6023,14,22,25
6024,14,18,24
6025,14,3,28
6026,14,7,24
6027,14,19,17
6028,14,19,22
6029,14,17,24
6030,14,16,10
6031,14,21,20
6032,14,16,24
6033,14,13,27
6034,14,0,20
6035,14,4,24
6036,14,3,23
6037,14,15,26
6038,14,17,24
6039,14,1,22
6040,14,1,24
6041,14,20,24
6042,14,18,24
6043,14,14,26
6044,14,14,26
6045,14,14,26
6046,14,8,10
6047,14,1,24
6048,14,12,1
6049,14,13,23
6050,14,21,26
6051,14,3,24
6052,14,15,27
6053,14,23,22
6054,14,2,23
6055,14,13,27
6056,14,16,24
6057,14,20,19
6058,14,18,24
6059,14,12,15
6060,14,0,17
6061,14,19,24
6062,15,3,24
6063,15,13,10
6064,15,17,26
6065,15,14,26
6066,15,8,10
6067,15,16,10
6068,15,14,24
6069,15,11,24
6070,15,21,26
6071,15,16,24
6072,15,5,10
6073,15,21,24
6074,15,14,10
6075,15,13,23
6076,15,17,1
6077,15,21,24
6078,15,15,10
6079,15,22,24
6080,15,18,28
6081,15,17,17
6082,15,5,24
6083,15,13,15
6084,15,14,26
6085,15,21,22
6086,15,15,23
6087,15,1,28
6088,15,20,26
6089,15,0,26
6090,15,14,10
6091,15,13,25
6092,15,14,28
6093,15,15,20
6094,15,22,10
6095,15,18,25
6096,15,22,25
6097,15,17,22
6098,15,17,1
6099,15,16,24
6100,15,12,28
6101,15,16,26
6102,15,18,24
6103,15,23,24
6104,15,20,26
6105,15,20,24
6106,15,18,10
6107,15,17,24
6108,15,20,17
6109,15,16,10
6110,15,4,10
6111,15,13,10
6112,15,4,10
6113,15,9,10
6114,15,13,22
6115,15,1,28
6116,15,13,10
6117,15,18,1
6118,15,16,10
6119,15,18,20
6120,15,5,10
6121,15,4,10
6122,15,19,26
6123,15,13,10
6124,15,5,10
6125,15,18,24
6126,15,21,23
6127,15,21,26
6128,15,16,10
6129,15,18,20
6130,15,17,23
6131,15,21,24
6132,15,20,24
6133,15,1,20
6134,15,15,22
6135,15,13,1
6136,15,19,1
6137,15,19,24
6138,15,1,26
6139,15,5,23
6140,15,14,24
6141,15,4,10
6142,15,0,24
6143,15,1,10
6144,15,15,28
6145,15,18,23
6146,15,18,1
6147,15,3,10
6148,15,21,22
6149,15,16,26
6150,15,19,23
6151,15,15,17
6152,15,15,27
6153,15,13,1
6154,15,12,27
6155,15,17,23
6156,16,10,24
6157,16,15,22
6158,16,23,17
6159,16,4,24
6160,16,15,24
6161,16,16,22
6162,16,16,28
6163,16,16,10
6164,16,7,17
6165,16,19,24
6166,16,17,23
6167,16,14,10
6168,16,10,10
6169,16,14,26
6170,16,8,10
6171,16,20,1
6172,16,10,26
6173,16,15,26
6174,16,13,10
6175,16,22,26
6176,16,18,24
6177,16,13,24
6178,16,15,10
6179,16,21,43
6180,16,23,24
6181,16,20,24
6182,16,12,15
6183,16,21,28
6184,16,15,28
6185,16,12,28
6186,16,22,26
6187,16,22,26
6188,16,22,17
6189,16,13,24
6190,16,0,1
6191,16,15,26
6192,16,18,24
6193,16,14,28
6194,16,1,17
6195,16,0,24
6196,16,13,24
6197,16,16,24
6198,16,12,10
6199,16,11,1
6200,16,19,24
6201,16,16,24
6202,16,0,22
6203,16,12,10
6204,16,12,24
6205,17,16,23
6206,17,14,24
6207,17,18,22
6208,17,22,17
6209,17,15,26
6210,17,17,25
6211,17,16,17
6212,17,16,10
6213,17,17,23
6214,17,14,22
6215,17,13,10
6216,17,22,28
6217,17,0,24
6218,17,23,24
6219,17,8,10
6220,17,19,1
6221,17,13,26
6222,17,16,24
6223,17,14,26
6224,17,16,23
6225,17,15,24
6226,17,13,10
6227,17,15,25
6228,17,16,24
6229,17,17,19
6230,17,16,10
6231,17,15,24
6232,17,15,27
6233,17,1,23
6234,17,4,24
6235,17,15,22
6236,17,12,1
6237,17,18,24
6238,17,17,24
6239,17,12,17
6240,17,20,24
6241,17,18,27
6242,17,16,23
6243,17,12,10
6244,18,11,10
6245,18,15,24
6246,18,20,24
6247,18,11,26
6248,18,20,10
6249,18,20,10
6250,18,20,10
6251,18,19,1
6252,18,8,20
6253,18,12,1
6254,18,12,1
6255,18,18,23
6256,18,15,1
6257,18,0,26
6258,18,19,20
6259,18,15,10
6260,18,12,26
6261,18,0,22
6262,18,15,10
6263,18,15,24
6264,18,21,10
6265,18,18,15
6266,18,17,10
6267,18,16,25
6268,18,23,22
6269,18,21,22
6270,18,22,17
6271,18,18,24
6272,18,7,24
6273,18,15,24
6274,18,16,10
6275,18,4,10
6276,18,12,27
6277,18,13,27
6278,18,14,24
6279,18,20,10
6280,18,15,10
6281,18,21,23
6282,18,21,22
6283,18,19,24
6284,19,16,23
6285,19,15,24
6286,19,18,10
6287,19,11,15
6288,19,11,23
6289,19,18,23
6290,19,22,1
6291,19,17,24
6292,19,12,1
6293,19,20,22
6294,19,15,10
6295,19,1,24
6296,19,20,23
6297,19,16,10
6298,19,16,10
6299,19,17,26
6300,19,17,23
6301,19,13,15
6302,19,0,22
6303,19,16,10
6304,19,11,24
6305,19,18,20
6306,19,14,22
6307,19,3,24
6308,19,14,26
6309,20,4,10
6310,20,4,10
6311,20,15,10
6312,20,10,10
6313,20,16,24
6314,20,15,24
6315,20,21,26
6316,20,12,20
6317,20,17,10
6318,20,12,10
6319,20,9,10
6320,20,12,10
6321,20,11,10
6322,20,12,10
6323,20,9,20
6324,20,16,24
6325,20,21,10
6326,20,14,10
6327,20,19,20
6328,20,16,20
6329,20,3,24
6330,21,1,24
6331,21,16,24
6332,21,21,23
6333,21,23,10
6334,21,13,15
6335,21,1,10
6336,21,16,26
6337,21,16,26
6338,21,16,23
6339,21,0,26
6340,21,16,26
6341,21,13,10
6342,21,10,24
6343,21,22,26
6344,21,12,10
6345,21,10,10
6346,21,12,24
6347,21,8,23
6348,21,12,24
6349,21,19,27
6350,21,21,28
6351,21,4,10
6352,21,12,15
6353,22,15,27
6354,22,17,24
6355,22,19,25
6356,22,12,10
6357,22,23,10
6358,22,17,10
6359,22,13,20
6360,22,18,10
6361,22,0,24
6362,22,13,24
6363,22,23,15
6364,22,21,24
6365,22,19,20
6366,22,14,22
6367,22,18,10
6368,22,12,1
6369,22,16,10
6370,23,9,24
6371,23,19,23
6372,23,20,19
6373,23,22,17
6374,23,12,10
6375,23,14,10
6376,23,14,10
6377,23,2,24
6378,23,15,22
6379,23,4,24
6380,23,12,10
6381,23,21,10
6382,23,13,15
6383,23,22,26
6384,23,15,28
6385,24,4,10
6386,24,7,10
6387,24,16,24
6388,24,1,23
6389,24,12,10
6390,24,15,22
6391,24,5,24
6392,24,17,22
6393,25,16,22
6394,25,17,10
6395,25,4,10
6396,25,12,26
6397,25,14,10
6398,25,20,26
6399,25,21,43
6400,25,15,24
6401,25,22,23
6402,25,18,20
6403,25,7,24
6404,25,14,1
6405,25,7,10
6406,25,16,24
6407,25,4,24
6408,25,14,10
6409,25,1,22
6410,26,7,10
6411,26,17,24
6412,26,17,20
6413,27,19,23
6414,27,4,10
6415,27,18,24
6416,27,20,1
6417,27,13,10
6418,27,21,26
6419,27,22,23
6420,27,11,24
6421,27,19,28
6422,27,20,26
6423,28,15,10
6424,28,13,1
6425,28,17,24
6426,28,21,24
6427,28,19,28
6428,28,17,10
6429,28,13,24
6430,28,9,24
6431,28,16,1
6432,28,12,27
6433,29,4,10
6434,29,0,1
6435,29,13,1
6436,29,17,10
6437,29,19,28
6438,29,19,26
6439,29,14,24
6440,30,18,24
